Last_Updated,Building,Available_Bed_Spaces,Percent_Left
2025-02-18 09:00:00,De Neve Plaza,1245,1.0
2025-02-18 09:00:00,De Neve Residence Hall,432,1.0
2025-02-18 09:00:00,Dykstra Hall,765,1.0
2025-02-18 09:00:00,Gayley Court Apartments,276,1.0
2025-02-18 09:00:00,Gayley Heights,1164,1.0
2025-02-18 09:00:00,Glenrock Apartments,150,1.0
2025-02-18 09:00:00,Glenrock West Apartments,105,1.0
2025-02-18 09:00:00,Hedrick Hall,1002,1.0
2025-02-18 09:00:00,Hedrick Summit,696,1.0
2025-02-18 09:00:00,Hitch Suites,450,1.0
2025-02-18 09:00:00,Landfair Apartments,164,1.0
2025-02-18 09:00:00,Landfair Vista Apartments,144,1.0
2025-02-18 09:00:00,Laurel,766,1.0
2025-02-18 09:00:00,Levering Terrace Apartments,269,1.0
2025-02-18 09:00:00,Olympic / Centennial,1674,1.0
2025-02-18 09:00:00,Palo Verde,422,1.0
2025-02-18 09:00:00,Rieber Hall,996,1.0
2025-02-18 09:00:00,Rieber Terrace,780,1.0
2025-02-18 09:00:00,Rieber Vista,696,1.0
2025-02-18 09:00:00,Saxon Suites,426,1.0
2025-02-18 09:00:00,Sproul Hall,999,1.0
2025-02-18 09:00:00,Sproul Landing / Cove,1005,1.0
2025-02-18 09:00:00,Sunset Village,1629,1.0
2025-02-18 09:00:00,Tipuana,926,1.0
2025-02-18 09:00:00,Westwood Chateau Apartments,246,1.0
2025-02-18 09:00:00,Westwood Palms Apartments,87,1.0
2025-02-18 10:00:00,De Neve Plaza,1226,0.9847389558232932
2025-02-18 10:00:00,De Neve Residence Hall,430,0.9953703703703703
2025-02-18 10:00:00,Dykstra Hall,764,0.9986928104575163
2025-02-18 10:00:00,Gayley Court Apartments,259,0.9384057971014492
2025-02-18 10:00:00,Gayley Heights,1079,0.9269759450171822
2025-02-18 10:00:00,Glenrock Apartments,121,0.8066666666666666
2025-02-18 10:00:00,Glenrock West Apartments,60,0.5714285714285714
2025-02-18 10:00:00,Hedrick Hall,1002,1.0
2025-02-18 10:00:00,Hedrick Summit,693,0.9956896551724138
2025-02-18 10:00:00,Hitch Suites,450,1.0
2025-02-18 10:00:00,Landfair Apartments,98,0.5975609756097561
2025-02-18 10:00:00,Landfair Vista Apartments,59,0.4097222222222222
2025-02-18 10:00:00,Laurel,754,0.9843342036553525
2025-02-18 10:00:00,Levering Terrace Apartments,251,0.9330855018587361
2025-02-18 10:00:00,Olympic / Centennial,1656,0.989247311827957
2025-02-18 10:00:00,Palo Verde,422,1.0
2025-02-18 10:00:00,Rieber Hall,993,0.9969879518072289
2025-02-18 10:00:00,Rieber Terrace,766,0.982051282051282
2025-02-18 10:00:00,Rieber Vista,693,0.9956896551724138
2025-02-18 10:00:00,Saxon Suites,405,0.9507042253521126
2025-02-18 10:00:00,Sproul Hall,982,0.982982982982983
2025-02-18 10:00:00,Sproul Landing / Cove,957,0.9522388059701492
2025-02-18 10:00:00,Sunset Village,1623,0.996316758747698
2025-02-18 10:00:00,Tipuana,918,0.9913606911447084
2025-02-18 10:00:00,Westwood Chateau Apartments,232,0.943089430894309
2025-02-18 10:00:00,Westwood Palms Apartments,77,0.8850574712643678
2025-02-18 11:00:00,De Neve Plaza,1202,0.9654618473895582
2025-02-18 11:00:00,De Neve Residence Hall,427,0.9884259259259259
2025-02-18 11:00:00,Dykstra Hall,764,0.9986928104575163
2025-02-18 11:00:00,Gayley Court Apartments,235,0.8514492753623188
2025-02-18 11:00:00,Gayley Heights,965,0.8290378006872853
2025-02-18 11:00:00,Glenrock Apartments,77,0.5133333333333333
2025-02-18 11:00:00,Glenrock West Apartments,36,0.34285714285714286
2025-02-18 11:00:00,Hedrick Hall,994,0.9920159680638723
2025-02-18 11:00:00,Hedrick Summit,693,0.9956896551724138
2025-02-18 11:00:00,Hitch Suites,450,1.0
2025-02-18 11:00:00,Landfair Apartments,30,0.18292682926829268
2025-02-18 11:00:00,Landfair Vista Apartments,18,0.125
2025-02-18 11:00:00,Laurel,750,0.97911227154047
2025-02-18 11:00:00,Levering Terrace Apartments,249,0.9256505576208178
2025-02-18 11:00:00,Olympic / Centennial,1631,0.9743130227001194
2025-02-18 11:00:00,Palo Verde,420,0.995260663507109
2025-02-18 11:00:00,Rieber Hall,993,0.9969879518072289
2025-02-18 11:00:00,Rieber Terrace,764,0.9794871794871794
2025-02-18 11:00:00,Rieber Vista,679,0.9755747126436781
2025-02-18 11:00:00,Saxon Suites,378,0.8873239436619719
2025-02-18 11:00:00,Sproul Hall,973,0.973973973973974
2025-02-18 11:00:00,Sproul Landing / Cove,915,0.9104477611940298
2025-02-18 11:00:00,Sunset Village,1616,0.9920196439533456
2025-02-18 11:00:00,Tipuana,911,0.9838012958963283
2025-02-18 11:00:00,Westwood Chateau Apartments,213,0.8658536585365854
2025-02-18 11:00:00,Westwood Palms Apartments,70,0.8045977011494253
2025-02-18 12:00:00,De Neve Plaza,1194,0.9590361445783132
2025-02-18 12:00:00,De Neve Residence Hall,423,0.9791666666666666
2025-02-18 12:00:00,Dykstra Hall,764,0.9986928104575163
2025-02-18 12:00:00,Gayley Court Apartments,167,0.605072463768116
2025-02-18 12:00:00,Gayley Heights,904,0.7766323024054983
2025-02-18 12:00:00,Glenrock Apartments,39,0.26
2025-02-18 12:00:00,Glenrock West Apartments,12,0.11428571428571428
2025-02-18 12:00:00,Hedrick Hall,994,0.9920159680638723
2025-02-18 12:00:00,Hedrick Summit,692,0.9942528735632183
2025-02-18 12:00:00,Hitch Suites,450,1.0
2025-02-18 12:00:00,Landfair Apartments,8,0.04878048780487805
2025-02-18 12:00:00,Landfair Vista Apartments,5,0.034722222222222224
2025-02-18 12:00:00,Laurel,732,0.9556135770234987
2025-02-18 12:00:00,Levering Terrace Apartments,241,0.895910780669145
2025-02-18 12:00:00,Olympic / Centennial,1587,0.9480286738351255
2025-02-18 12:00:00,Palo Verde,412,0.976303317535545
2025-02-18 12:00:00,Rieber Hall,987,0.9909638554216867
2025-02-18 12:00:00,Rieber Terrace,750,0.9615384615384616
2025-02-18 12:00:00,Rieber Vista,672,0.9655172413793104
2025-02-18 12:00:00,Saxon Suites,369,0.8661971830985915
2025-02-18 12:00:00,Sproul Hall,961,0.9619619619619619
2025-02-18 12:00:00,Sproul Landing / Cove,861,0.8567164179104477
2025-02-18 12:00:00,Sunset Village,1599,0.9815837937384899
2025-02-18 12:00:00,Tipuana,866,0.9352051835853131
2025-02-18 12:00:00,Westwood Chateau Apartments,175,0.7113821138211383
2025-02-18 12:00:00,Westwood Palms Apartments,43,0.4942528735632184
2025-02-18 13:00:00,De Neve Plaza,1189,0.9550200803212852
2025-02-18 13:00:00,De Neve Residence Hall,423,0.9791666666666666
2025-02-18 13:00:00,Dykstra Hall,759,0.9921568627450981
2025-02-18 13:00:00,Gayley Court Apartments,62,0.2246376811594203
2025-02-18 13:00:00,Gayley Heights,739,0.6348797250859106
2025-02-18 13:00:00,Glenrock Apartments,11,0.07333333333333333
2025-02-18 13:00:00,Glenrock West Apartments,8,0.0761904761904762
2025-02-18 13:00:00,Hedrick Hall,994,0.9920159680638723
2025-02-18 13:00:00,Hedrick Summit,691,0.992816091954023
2025-02-18 13:00:00,Hitch Suites,449,0.9977777777777778
2025-02-18 13:00:00,Landfair Apartments,10,0.06097560975609756
2025-02-18 13:00:00,Landfair Vista Apartments,1,0.006944444444444444
2025-02-18 13:00:00,Laurel,687,0.8968668407310705
2025-02-18 13:00:00,Levering Terrace Apartments,241,0.895910780669145
2025-02-18 13:00:00,Olympic / Centennial,1573,0.9396654719235364
2025-02-18 13:00:00,Palo Verde,402,0.95260663507109
2025-02-18 13:00:00,Rieber Hall,987,0.9909638554216867
2025-02-18 13:00:00,Rieber Terrace,750,0.9615384615384616
2025-02-18 13:00:00,Rieber Vista,666,0.9568965517241379
2025-02-18 13:00:00,Saxon Suites,361,0.8474178403755869
2025-02-18 13:00:00,Sproul Hall,941,0.9419419419419419
2025-02-18 13:00:00,Sproul Landing / Cove,811,0.8069651741293532
2025-02-18 13:00:00,Sunset Village,1584,0.9723756906077348
2025-02-18 13:00:00,Tipuana,814,0.8790496760259179
2025-02-18 13:00:00,Westwood Chateau Apartments,86,0.34959349593495936
2025-02-18 13:00:00,Westwood Palms Apartments,26,0.2988505747126437
2025-02-18 14:00:00,De Neve Plaza,1180,0.9477911646586346
2025-02-18 14:00:00,De Neve Residence Hall,410,0.9490740740740741
2025-02-18 14:00:00,Dykstra Hall,757,0.9895424836601308
2025-02-18 14:00:00,Gayley Court Apartments,31,0.11231884057971014
2025-02-18 14:00:00,Gayley Heights,520,0.44673539518900346
2025-02-18 14:00:00,Glenrock Apartments,6,0.04
2025-02-18 14:00:00,Glenrock West Apartments,4,0.0380952380952381
2025-02-18 14:00:00,Hedrick Hall,994,0.9920159680638723
2025-02-18 14:00:00,Hedrick Summit,691,0.992816091954023
2025-02-18 14:00:00,Hitch Suites,447,0.9933333333333333
2025-02-18 14:00:00,Landfair Apartments,5,0.03048780487804878
2025-02-18 14:00:00,Landfair Vista Apartments,1,0.006944444444444444
2025-02-18 14:00:00,Laurel,675,0.881201044386423
2025-02-18 14:00:00,Levering Terrace Apartments,241,0.895910780669145
2025-02-18 14:00:00,Olympic / Centennial,1546,0.9235364396654719
2025-02-18 14:00:00,Palo Verde,382,0.9052132701421801
2025-02-18 14:00:00,Rieber Hall,984,0.9879518072289156
2025-02-18 14:00:00,Rieber Terrace,738,0.9461538461538461
2025-02-18 14:00:00,Rieber Vista,664,0.9540229885057471
2025-02-18 14:00:00,Saxon Suites,352,0.8262910798122066
2025-02-18 14:00:00,Sproul Hall,934,0.934934934934935
2025-02-18 14:00:00,Sproul Landing / Cove,790,0.7860696517412935
2025-02-18 14:00:00,Sunset Village,1557,0.9558011049723757
2025-02-18 14:00:00,Tipuana,786,0.8488120950323974
2025-02-18 14:00:00,Westwood Chateau Apartments,25,0.1016260162601626
2025-02-18 14:00:00,Westwood Palms Apartments,14,0.16091954022988506
2025-02-18 15:00:00,De Neve Plaza,1164,0.9349397590361446
2025-02-18 15:00:00,De Neve Residence Hall,407,0.9421296296296297
2025-02-18 15:00:00,Dykstra Hall,755,0.9869281045751634
2025-02-18 15:00:00,Gayley Court Apartments,8,0.028985507246376812
2025-02-18 15:00:00,Gayley Heights,329,0.28264604810996563
2025-02-18 15:00:00,Glenrock Apartments,5,0.03333333333333333
2025-02-18 15:00:00,Glenrock West Apartments,3,0.02857142857142857
2025-02-18 15:00:00,Hedrick Hall,994,0.9920159680638723
2025-02-18 15:00:00,Hedrick Summit,691,0.992816091954023
2025-02-18 15:00:00,Hitch Suites,449,0.9977777777777778
2025-02-18 15:00:00,Landfair Apartments,2,0.012195121951219513
2025-02-18 15:00:00,Landfair Vista Apartments,0,0.0
2025-02-18 15:00:00,Laurel,671,0.8759791122715405
2025-02-18 15:00:00,Levering Terrace Apartments,212,0.7881040892193308
2025-02-18 15:00:00,Olympic / Centennial,1526,0.9115890083632019
2025-02-18 15:00:00,Palo Verde,362,0.8578199052132701
2025-02-18 15:00:00,Rieber Hall,984,0.9879518072289156
2025-02-18 15:00:00,Rieber Terrace,734,0.941025641025641
2025-02-18 15:00:00,Rieber Vista,663,0.9525862068965517
2025-02-18 15:00:00,Saxon Suites,345,0.8098591549295775
2025-02-18 15:00:00,Sproul Hall,927,0.9279279279279279
2025-02-18 15:00:00,Sproul Landing / Cove,760,0.7562189054726368
2025-02-18 15:00:00,Sunset Village,1543,0.947206875383671
2025-02-18 15:00:00,Tipuana,761,0.8218142548596112
2025-02-18 15:00:00,Westwood Chateau Apartments,8,0.032520325203252036
2025-02-18 15:00:00,Westwood Palms Apartments,8,0.09195402298850575
2025-02-18 16:00:00,De Neve Plaza,1160,0.9317269076305221
2025-02-18 16:00:00,De Neve Residence Hall,403,0.9328703703703703
2025-02-18 16:00:00,Dykstra Hall,752,0.9830065359477124
2025-02-18 16:00:00,Gayley Court Apartments,2,0.007246376811594203
2025-02-18 16:00:00,Gayley Heights,238,0.20446735395189003
2025-02-18 16:00:00,Glenrock Apartments,4,0.02666666666666667
2025-02-18 16:00:00,Glenrock West Apartments,3,0.02857142857142857
2025-02-18 16:00:00,Hedrick Hall,994,0.9920159680638723
2025-02-18 16:00:00,Hedrick Summit,690,0.9913793103448276
2025-02-18 16:00:00,Hitch Suites,448,0.9955555555555555
2025-02-18 16:00:00,Landfair Apartments,0,0.0
2025-02-18 16:00:00,Landfair Vista Apartments,0,0.0
2025-02-18 16:00:00,Laurel,662,0.8642297650130548
2025-02-18 16:00:00,Levering Terrace Apartments,205,0.7620817843866171
2025-02-18 16:00:00,Olympic / Centennial,1503,0.8978494623655914
2025-02-18 16:00:00,Palo Verde,365,0.8649289099526066
2025-02-18 16:00:00,Rieber Hall,981,0.9849397590361446
2025-02-18 16:00:00,Rieber Terrace,731,0.9371794871794872
2025-02-18 16:00:00,Rieber Vista,663,0.9525862068965517
2025-02-18 16:00:00,Saxon Suites,337,0.7910798122065728
2025-02-18 16:00:00,Sproul Hall,924,0.924924924924925
2025-02-18 16:00:00,Sproul Landing / Cove,753,0.7492537313432835
2025-02-18 16:00:00,Sunset Village,1542,0.9465930018416207
2025-02-18 16:00:00,Tipuana,755,0.8153347732181425
2025-02-18 16:00:00,Westwood Chateau Apartments,5,0.02032520325203252
2025-02-18 16:00:00,Westwood Palms Apartments,2,0.022988505747126436
2025-02-19 09:00:00,De Neve Plaza,1160,0.9317269076305221
2025-02-19 09:00:00,De Neve Residence Hall,403,0.9328703703703703
2025-02-19 09:00:00,Dykstra Hall,752,0.9830065359477124
2025-02-19 09:00:00,Gayley Court Apartments,2,0.007246376811594203
2025-02-19 09:00:00,Gayley Heights,238,0.20446735395189003
2025-02-19 09:00:00,Glenrock Apartments,4,0.02666666666666667
2025-02-19 09:00:00,Glenrock West Apartments,3,0.02857142857142857
2025-02-19 09:00:00,Hedrick Hall,994,0.9920159680638723
2025-02-19 09:00:00,Hedrick Summit,690,0.9913793103448276
2025-02-19 09:00:00,Hitch Suites,448,0.9955555555555555
2025-02-19 09:00:00,Landfair Apartments,0,0.0
2025-02-19 09:00:00,Landfair Vista Apartments,0,0.0
2025-02-19 09:00:00,Laurel,662,0.8642297650130548
2025-02-19 09:00:00,Levering Terrace Apartments,205,0.7620817843866171
2025-02-19 09:00:00,Olympic / Centennial,1503,0.8978494623655914
2025-02-19 09:00:00,Palo Verde,365,0.8649289099526066
2025-02-19 09:00:00,Rieber Hall,981,0.9849397590361446
2025-02-19 09:00:00,Rieber Terrace,731,0.9371794871794872
2025-02-19 09:00:00,Rieber Vista,663,0.9525862068965517
2025-02-19 09:00:00,Saxon Suites,337,0.7910798122065728
2025-02-19 09:00:00,Sproul Hall,924,0.924924924924925
2025-02-19 09:00:00,Sproul Landing / Cove,753,0.7492537313432835
2025-02-19 09:00:00,Sunset Village,1542,0.9465930018416207
2025-02-19 09:00:00,Tipuana,755,0.8153347732181425
2025-02-19 09:00:00,Westwood Chateau Apartments,5,0.02032520325203252
2025-02-19 09:00:00,Westwood Palms Apartments,2,0.022988505747126436
2025-02-19 10:01:00,De Neve Plaza,1147,0.921285140562249
2025-02-19 10:01:00,De Neve Residence Hall,401,0.9282407407407407
2025-02-19 10:01:00,Dykstra Hall,751,0.9816993464052287
2025-02-19 10:01:00,Gayley Court Apartments,2,0.007246376811594203
2025-02-19 10:01:00,Gayley Heights,91,0.0781786941580756
2025-02-19 10:01:00,Glenrock Apartments,0,0.0
2025-02-19 10:01:00,Glenrock West Apartments,3,0.02857142857142857
2025-02-19 10:01:00,Hedrick Hall,994,0.9920159680638723
2025-02-19 10:01:00,Hedrick Summit,690,0.9913793103448276
2025-02-19 10:01:00,Hitch Suites,448,0.9955555555555555
2025-02-19 10:01:00,Landfair Apartments,0,0.0
2025-02-19 10:01:00,Landfair Vista Apartments,0,0.0
2025-02-19 10:01:00,Laurel,608,0.793733681462141
2025-02-19 10:01:00,Levering Terrace Apartments,183,0.6802973977695167
2025-02-19 10:01:00,Olympic / Centennial,1479,0.8835125448028673
2025-02-19 10:01:00,Palo Verde,341,0.8080568720379147
2025-02-19 10:01:00,Rieber Hall,979,0.9829317269076305
2025-02-19 10:01:00,Rieber Terrace,725,0.9294871794871795
2025-02-19 10:01:00,Rieber Vista,660,0.9482758620689655
2025-02-19 10:01:00,Saxon Suites,309,0.7253521126760564
2025-02-19 10:01:00,Sproul Hall,917,0.9179179179179179
2025-02-19 10:01:00,Sproul Landing / Cove,729,0.7253731343283583
2025-02-19 10:01:00,Sunset Village,1519,0.9324739103744628
2025-02-19 10:01:00,Tipuana,697,0.7526997840172787
2025-02-19 10:01:00,Westwood Chateau Apartments,0,0.0
2025-02-19 10:01:00,Westwood Palms Apartments,0,0.0
2025-02-19 11:01:00,De Neve Plaza,1124,0.9028112449799197
2025-02-19 11:01:00,De Neve Residence Hall,400,0.9259259259259259
2025-02-19 11:01:00,Dykstra Hall,750,0.9803921568627451
2025-02-19 11:01:00,Gayley Court Apartments,2,0.007246376811594203
2025-02-19 11:01:00,Gayley Heights,38,0.03264604810996564
2025-02-19 11:01:00,Glenrock Apartments,0,0.0
2025-02-19 11:01:00,Glenrock West Apartments,3,0.02857142857142857
2025-02-19 11:01:00,Hedrick Hall,994,0.9920159680638723
2025-02-19 11:01:00,Hedrick Summit,689,0.9899425287356322
2025-02-19 11:01:00,Hitch Suites,442,0.9822222222222222
2025-02-19 11:01:00,Landfair Apartments,0,0.0
2025-02-19 11:01:00,Landfair Vista Apartments,0,0.0
2025-02-19 11:01:00,Laurel,565,0.737597911227154
2025-02-19 11:01:00,Levering Terrace Apartments,154,0.5724907063197026
2025-02-19 11:01:00,Olympic / Centennial,1465,0.8751493428912783
2025-02-19 11:01:00,Palo Verde,317,0.7511848341232228
2025-02-19 11:01:00,Rieber Hall,979,0.9829317269076305
2025-02-19 11:01:00,Rieber Terrace,724,0.9282051282051282
2025-02-19 11:01:00,Rieber Vista,660,0.9482758620689655
2025-02-19 11:01:00,Saxon Suites,295,0.6924882629107981
2025-02-19 11:01:00,Sproul Hall,916,0.9169169169169169
2025-02-19 11:01:00,Sproul Landing / Cove,694,0.690547263681592
2025-02-19 11:01:00,Sunset Village,1483,0.9103744628606507
2025-02-19 11:01:00,Tipuana,630,0.6803455723542117
2025-02-19 11:01:00,Westwood Chateau Apartments,0,0.0
2025-02-19 11:01:00,Westwood Palms Apartments,0,0.0
2025-02-19 12:01:00,De Neve Plaza,1118,0.8979919678714859
2025-02-19 12:01:00,De Neve Residence Hall,399,0.9236111111111112
2025-02-19 12:01:00,Dykstra Hall,749,0.9790849673202614
2025-02-19 12:01:00,Gayley Court Apartments,2,0.007246376811594203
2025-02-19 12:01:00,Gayley Heights,18,0.015463917525773196
2025-02-19 12:01:00,Glenrock Apartments,0,0.0
2025-02-19 12:01:00,Glenrock West Apartments,3,0.02857142857142857
2025-02-19 12:01:00,Hedrick Hall,994,0.9920159680638723
2025-02-19 12:01:00,Hedrick Summit,688,0.9885057471264368
2025-02-19 12:01:00,Hitch Suites,442,0.9822222222222222
2025-02-19 12:01:00,Landfair Apartments,0,0.0
2025-02-19 12:01:00,Landfair Vista Apartments,0,0.0
2025-02-19 12:01:00,Laurel,510,0.6657963446475196
2025-02-19 12:01:00,Levering Terrace Apartments,102,0.379182156133829
2025-02-19 12:01:00,Olympic / Centennial,1429,0.8536439665471923
2025-02-19 12:01:00,Palo Verde,284,0.6729857819905213
2025-02-19 12:01:00,Rieber Hall,979,0.9829317269076305
2025-02-19 12:01:00,Rieber Terrace,719,0.9217948717948717
2025-02-19 12:01:00,Rieber Vista,659,0.9468390804597702
2025-02-19 12:01:00,Saxon Suites,293,0.687793427230047
2025-02-19 12:01:00,Sproul Hall,913,0.913913913913914
2025-02-19 12:01:00,Sproul Landing / Cove,673,0.6696517412935323
2025-02-19 12:01:00,Sunset Village,1463,0.898096992019644
2025-02-19 12:01:00,Tipuana,578,0.6241900647948164
2025-02-19 12:01:00,Westwood Chateau Apartments,0,0.0
2025-02-19 12:01:00,Westwood Palms Apartments,0,0.0
2025-02-19 13:01:00,De Neve Plaza,1083,0.8698795180722891
2025-02-19 13:01:00,De Neve Residence Hall,393,0.9097222222222222
2025-02-19 13:01:00,Dykstra Hall,749,0.9790849673202614
2025-02-19 13:01:00,Gayley Court Apartments,0,0.0
2025-02-19 13:01:00,Gayley Heights,8,0.006872852233676976
2025-02-19 13:01:00,Glenrock Apartments,0,0.0
2025-02-19 13:01:00,Glenrock West Apartments,3,0.02857142857142857
2025-02-19 13:01:00,Hedrick Hall,994,0.9920159680638723
2025-02-19 13:01:00,Hedrick Summit,688,0.9885057471264368
2025-02-19 13:01:00,Hitch Suites,432,0.96
2025-02-19 13:01:00,Landfair Apartments,0,0.0
2025-02-19 13:01:00,Landfair Vista Apartments,0,0.0
2025-02-19 13:01:00,Laurel,455,0.5939947780678851
2025-02-19 13:01:00,Levering Terrace Apartments,77,0.2862453531598513
2025-02-19 13:01:00,Olympic / Centennial,1405,0.8393070489844683
2025-02-19 13:01:00,Palo Verde,258,0.6113744075829384
2025-02-19 13:01:00,Rieber Hall,978,0.9819277108433735
2025-02-19 13:01:00,Rieber Terrace,713,0.9141025641025641
2025-02-19 13:01:00,Rieber Vista,658,0.9454022988505747
2025-02-19 13:01:00,Saxon Suites,262,0.6150234741784038
2025-02-19 13:01:00,Sproul Hall,907,0.9079079079079079
2025-02-19 13:01:00,Sproul Landing / Cove,643,0.6398009950248756
2025-02-19 13:01:00,Sunset Village,1454,0.892572130141191
2025-02-19 13:01:00,Tipuana,545,0.5885529157667386
2025-02-19 13:01:00,Westwood Chateau Apartments,0,0.0
2025-02-19 13:01:00,Westwood Palms Apartments,0,0.0
2025-02-19 14:01:00,De Neve Plaza,1064,0.8546184738955823
2025-02-19 14:01:00,De Neve Residence Hall,387,0.8958333333333334
2025-02-19 14:01:00,Dykstra Hall,744,0.9725490196078431
2025-02-19 14:01:00,Gayley Court Apartments,0,0.0
2025-02-19 14:01:00,Gayley Heights,0,0.0
2025-02-19 14:01:00,Glenrock Apartments,0,0.0
2025-02-19 14:01:00,Glenrock West Apartments,3,0.02857142857142857
2025-02-19 14:01:00,Hedrick Hall,994,0.9920159680638723
2025-02-19 14:01:00,Hedrick Summit,685,0.9841954022988506
2025-02-19 14:01:00,Hitch Suites,432,0.96
2025-02-19 14:01:00,Landfair Apartments,0,0.0
2025-02-19 14:01:00,Landfair Vista Apartments,0,0.0
2025-02-19 14:01:00,Laurel,388,0.5065274151436031
2025-02-19 14:01:00,Levering Terrace Apartments,64,0.2379182156133829
2025-02-19 14:01:00,Olympic / Centennial,1364,0.8148148148148148
2025-02-19 14:01:00,Palo Verde,221,0.523696682464455
2025-02-19 14:01:00,Rieber Hall,972,0.9759036144578314
2025-02-19 14:01:00,Rieber Terrace,706,0.9051282051282051
2025-02-19 14:01:00,Rieber Vista,658,0.9454022988505747
2025-02-19 14:01:00,Saxon Suites,259,0.607981220657277
2025-02-19 14:01:00,Sproul Hall,903,0.9039039039039038
2025-02-19 14:01:00,Sproul Landing / Cove,618,0.6149253731343284
2025-02-19 14:01:00,Sunset Village,1440,0.8839779005524862
2025-02-19 14:01:00,Tipuana,462,0.49892008639308855
2025-02-19 14:01:00,Westwood Chateau Apartments,0,0.0
2025-02-19 14:01:00,Westwood Palms Apartments,0,0.0
2025-02-19 15:01:00,De Neve Plaza,1046,0.8401606425702811
2025-02-19 15:01:00,De Neve Residence Hall,387,0.8958333333333334
2025-02-19 15:01:00,Dykstra Hall,743,0.9712418300653595
2025-02-19 15:01:00,Gayley Court Apartments,0,0.0
2025-02-19 15:01:00,Gayley Heights,0,0.0
2025-02-19 15:01:00,Glenrock Apartments,0,0.0
2025-02-19 15:01:00,Glenrock West Apartments,3,0.02857142857142857
2025-02-19 15:01:00,Hedrick Hall,994,0.9920159680638723
2025-02-19 15:01:00,Hedrick Summit,683,0.9813218390804598
2025-02-19 15:01:00,Hitch Suites,431,0.9577777777777777
2025-02-19 15:01:00,Landfair Apartments,0,0.0
2025-02-19 15:01:00,Landfair Vista Apartments,0,0.0
2025-02-19 15:01:00,Laurel,365,0.4765013054830287
2025-02-19 15:01:00,Levering Terrace Apartments,57,0.21189591078066913
2025-02-19 15:01:00,Olympic / Centennial,1346,0.8040621266427718
2025-02-19 15:01:00,Palo Verde,200,0.47393364928909953
2025-02-19 15:01:00,Rieber Hall,971,0.9748995983935743
2025-02-19 15:01:00,Rieber Terrace,698,0.8948717948717949
2025-02-19 15:01:00,Rieber Vista,649,0.9324712643678161
2025-02-19 15:01:00,Saxon Suites,249,0.5845070422535211
2025-02-19 15:01:00,Sproul Hall,903,0.9039039039039038
2025-02-19 15:01:00,Sproul Landing / Cove,600,0.5970149253731343
2025-02-19 15:01:00,Sunset Village,1403,0.8612645794966237
2025-02-19 15:01:00,Tipuana,422,0.4557235421166307
2025-02-19 15:01:00,Westwood Chateau Apartments,0,0.0
2025-02-19 15:01:00,Westwood Palms Apartments,0,0.0
2025-02-19 16:01:00,De Neve Plaza,1031,0.8281124497991967
2025-02-19 16:01:00,De Neve Residence Hall,384,0.8888888888888888
2025-02-19 16:01:00,Dykstra Hall,737,0.9633986928104575
2025-02-19 16:01:00,Gayley Court Apartments,0,0.0
2025-02-19 16:01:00,Gayley Heights,1,0.000859106529209622
2025-02-19 16:01:00,Glenrock Apartments,0,0.0
2025-02-19 16:01:00,Glenrock West Apartments,2,0.01904761904761905
2025-02-19 16:01:00,Hedrick Hall,994,0.9920159680638723
2025-02-19 16:01:00,Hedrick Summit,683,0.9813218390804598
2025-02-19 16:01:00,Hitch Suites,423,0.94
2025-02-19 16:01:00,Landfair Apartments,0,0.0
2025-02-19 16:01:00,Landfair Vista Apartments,0,0.0
2025-02-19 16:01:00,Laurel,355,0.46344647519582244
2025-02-19 16:01:00,Levering Terrace Apartments,53,0.1970260223048327
2025-02-19 16:01:00,Olympic / Centennial,1317,0.7867383512544803
2025-02-19 16:01:00,Palo Verde,191,0.45260663507109006
2025-02-19 16:01:00,Rieber Hall,969,0.9728915662650602
2025-02-19 16:01:00,Rieber Terrace,692,0.8871794871794871
2025-02-19 16:01:00,Rieber Vista,648,0.9310344827586207
2025-02-19 16:01:00,Saxon Suites,240,0.5633802816901409
2025-02-19 16:01:00,Sproul Hall,902,0.9029029029029029
2025-02-19 16:01:00,Sproul Landing / Cove,582,0.5791044776119403
2025-02-19 16:01:00,Sunset Village,1394,0.8557397176181707
2025-02-19 16:01:00,Tipuana,396,0.42764578833693306
2025-02-19 16:01:00,Westwood Chateau Apartments,0,0.0
2025-02-19 16:01:00,Westwood Palms Apartments,0,0.0
2025-02-20 10:02:00,De Neve Plaza,1007,0.8088353413654619
2025-02-20 10:02:00,De Neve Residence Hall,374,0.8657407407407407
2025-02-20 10:02:00,Dykstra Hall,733,0.9581699346405229
2025-02-20 10:02:00,Gayley Court Apartments,0,0.0
2025-02-20 10:02:00,Gayley Heights,0,0.0
2025-02-20 10:02:00,Glenrock Apartments,0,0.0
2025-02-20 10:02:00,Glenrock West Apartments,1,0.009523809523809525
2025-02-20 10:02:00,Hedrick Hall,994,0.9920159680638723
2025-02-20 10:02:00,Hedrick Summit,683,0.9813218390804598
2025-02-20 10:02:00,Hitch Suites,422,0.9377777777777778
2025-02-20 10:02:00,Landfair Apartments,0,0.0
2025-02-20 10:02:00,Landfair Vista Apartments,0,0.0
2025-02-20 10:02:00,Laurel,327,0.42689295039164493
2025-02-20 10:02:00,Levering Terrace Apartments,48,0.17843866171003717
2025-02-20 10:02:00,Olympic / Centennial,1278,0.7634408602150538
2025-02-20 10:02:00,Palo Verde,177,0.4194312796208531
2025-02-20 10:02:00,Rieber Hall,969,0.9728915662650602
2025-02-20 10:02:00,Rieber Terrace,687,0.8807692307692307
2025-02-20 10:02:00,Rieber Vista,647,0.9295977011494253
2025-02-20 10:02:00,Saxon Suites,216,0.5070422535211268
2025-02-20 10:02:00,Sproul Hall,895,0.8958958958958959
2025-02-20 10:02:00,Sproul Landing / Cove,549,0.5462686567164179
2025-02-20 10:02:00,Sunset Village,1362,0.8360957642725598
2025-02-20 10:02:00,Tipuana,356,0.38444924406047515
2025-02-20 10:02:00,Westwood Chateau Apartments,0,0.0
2025-02-20 10:02:00,Westwood Palms Apartments,0,0.0
2025-02-20 11:02:00,De Neve Plaza,967,0.7767068273092369
2025-02-20 11:02:00,De Neve Residence Hall,360,0.8333333333333334
2025-02-20 11:02:00,Dykstra Hall,731,0.9555555555555556
2025-02-20 11:02:00,Gayley Court Apartments,0,0.0
2025-02-20 11:02:00,Gayley Heights,0,0.0
2025-02-20 11:02:00,Glenrock Apartments,0,0.0
2025-02-20 11:02:00,Glenrock West Apartments,1,0.009523809523809525
2025-02-20 11:02:00,Hedrick Hall,991,0.9890219560878244
2025-02-20 11:02:00,Hedrick Summit,682,0.9798850574712644
2025-02-20 11:02:00,Hitch Suites,422,0.9377777777777778
2025-02-20 11:02:00,Landfair Apartments,0,0.0
2025-02-20 11:02:00,Landfair Vista Apartments,0,0.0
2025-02-20 11:02:00,Laurel,294,0.3838120104438642
2025-02-20 11:02:00,Levering Terrace Apartments,36,0.13382899628252787
2025-02-20 11:02:00,Olympic / Centennial,1209,0.7222222222222222
2025-02-20 11:02:00,Palo Verde,148,0.35071090047393366
2025-02-20 11:02:00,Rieber Hall,967,0.9708835341365462
2025-02-20 11:02:00,Rieber Terrace,666,0.8538461538461538
2025-02-20 11:02:00,Rieber Vista,640,0.9195402298850575
2025-02-20 11:02:00,Saxon Suites,199,0.4671361502347418
2025-02-20 11:02:00,Sproul Hall,894,0.8948948948948949
2025-02-20 11:02:00,Sproul Landing / Cove,477,0.4746268656716418
2025-02-20 11:02:00,Sunset Village,1315,0.807243707796194
2025-02-20 11:02:00,Tipuana,315,0.34017278617710583
2025-02-20 11:02:00,Westwood Chateau Apartments,0,0.0
2025-02-20 11:02:00,Westwood Palms Apartments,0,0.0
2025-02-20 12:02:00,De Neve Plaza,933,0.7493975903614458
2025-02-20 12:02:00,De Neve Residence Hall,343,0.7939814814814815
2025-02-20 12:02:00,Dykstra Hall,720,0.9411764705882353
2025-02-20 12:02:00,Gayley Court Apartments,0,0.0
2025-02-20 12:02:00,Gayley Heights,0,0.0
2025-02-20 12:02:00,Glenrock Apartments,0,0.0
2025-02-20 12:02:00,Glenrock West Apartments,1,0.009523809523809525
2025-02-20 12:02:00,Hedrick Hall,991,0.9890219560878244
2025-02-20 12:02:00,Hedrick Summit,682,0.9798850574712644
2025-02-20 12:02:00,Hitch Suites,420,0.9333333333333333
2025-02-20 12:02:00,Landfair Apartments,0,0.0
2025-02-20 12:02:00,Landfair Vista Apartments,0,0.0
2025-02-20 12:02:00,Laurel,257,0.33550913838120106
2025-02-20 12:02:00,Levering Terrace Apartments,17,0.06319702602230483
2025-02-20 12:02:00,Olympic / Centennial,1148,0.6857825567502986
2025-02-20 12:02:00,Palo Verde,137,0.3246445497630332
2025-02-20 12:02:00,Rieber Hall,966,0.9698795180722891
2025-02-20 12:02:00,Rieber Terrace,660,0.8461538461538461
2025-02-20 12:02:00,Rieber Vista,625,0.8979885057471264
2025-02-20 12:02:00,Saxon Suites,174,0.4084507042253521
2025-02-20 12:02:00,Sproul Hall,881,0.8818818818818819
2025-02-20 12:02:00,Sproul Landing / Cove,431,0.42885572139303485
2025-02-20 12:02:00,Sunset Village,1266,0.7771639042357275
2025-02-20 12:02:00,Tipuana,291,0.3142548596112311
2025-02-20 12:02:00,Westwood Chateau Apartments,0,0.0
2025-02-20 12:02:00,Westwood Palms Apartments,0,0.0
2025-02-20 13:02:00,De Neve Plaza,911,0.7317269076305221
2025-02-20 13:02:00,De Neve Residence Hall,341,0.7893518518518519
2025-02-20 13:02:00,Dykstra Hall,720,0.9411764705882353
2025-02-20 13:02:00,Gayley Court Apartments,0,0.0
2025-02-20 13:02:00,Gayley Heights,0,0.0
2025-02-20 13:02:00,Glenrock Apartments,0,0.0
2025-02-20 13:02:00,Glenrock West Apartments,1,0.009523809523809525
2025-02-20 13:02:00,Hedrick Hall,991,0.9890219560878244
2025-02-20 13:02:00,Hedrick Summit,682,0.9798850574712644
2025-02-20 13:02:00,Hitch Suites,403,0.8955555555555555
2025-02-20 13:02:00,Landfair Apartments,0,0.0
2025-02-20 13:02:00,Landfair Vista Apartments,0,0.0
2025-02-20 13:02:00,Laurel,239,0.31201044386422977
2025-02-20 13:02:00,Levering Terrace Apartments,16,0.05947955390334572
2025-02-20 13:02:00,Olympic / Centennial,1090,0.6511350059737157
2025-02-20 13:02:00,Palo Verde,121,0.28672985781990523
2025-02-20 13:02:00,Rieber Hall,966,0.9698795180722891
2025-02-20 13:02:00,Rieber Terrace,650,0.8333333333333334
2025-02-20 13:02:00,Rieber Vista,613,0.8807471264367817
2025-02-20 13:02:00,Saxon Suites,148,0.3474178403755869
2025-02-20 13:02:00,Sproul Hall,869,0.8698698698698699
2025-02-20 13:02:00,Sproul Landing / Cove,381,0.37910447761194027
2025-02-20 13:02:00,Sunset Village,1222,0.7501534683855126
2025-02-20 13:02:00,Tipuana,248,0.2678185745140389
2025-02-20 13:02:00,Westwood Chateau Apartments,0,0.0
2025-02-20 13:02:00,Westwood Palms Apartments,0,0.0
2025-02-20 14:03:00,De Neve Plaza,878,0.7052208835341366
2025-02-20 14:03:00,De Neve Residence Hall,337,0.7800925925925926
2025-02-20 14:03:00,Dykstra Hall,708,0.9254901960784314
2025-02-20 14:03:00,Gayley Court Apartments,0,0.0
2025-02-20 14:03:00,Gayley Heights,0,0.0
2025-02-20 14:03:00,Glenrock Apartments,0,0.0
2025-02-20 14:03:00,Glenrock West Apartments,1,0.009523809523809525
2025-02-20 14:03:00,Hedrick Hall,991,0.9890219560878244
2025-02-20 14:03:00,Hedrick Summit,679,0.9755747126436781
2025-02-20 14:03:00,Hitch Suites,392,0.8711111111111111
2025-02-20 14:03:00,Landfair Apartments,0,0.0
2025-02-20 14:03:00,Landfair Vista Apartments,0,0.0
2025-02-20 14:03:00,Laurel,206,0.2689295039164491
2025-02-20 14:03:00,Levering Terrace Apartments,13,0.048327137546468404
2025-02-20 14:03:00,Olympic / Centennial,1030,0.6152927120669056
2025-02-20 14:03:00,Palo Verde,113,0.2677725118483412
2025-02-20 14:03:00,Rieber Hall,966,0.9698795180722891
2025-02-20 14:03:00,Rieber Terrace,619,0.7935897435897435
2025-02-20 14:03:00,Rieber Vista,599,0.860632183908046
2025-02-20 14:03:00,Saxon Suites,139,0.32629107981220656
2025-02-20 14:03:00,Sproul Hall,860,0.8608608608608609
2025-02-20 14:03:00,Sproul Landing / Cove,335,0.3333333333333333
2025-02-20 14:03:00,Sunset Village,1196,0.7341927562922038
2025-02-20 14:03:00,Tipuana,242,0.2613390928725702
2025-02-20 14:03:00,Westwood Chateau Apartments,0,0.0
2025-02-20 14:03:00,Westwood Palms Apartments,0,0.0
2025-02-20 15:03:00,De Neve Plaza,851,0.6835341365461848
2025-02-20 15:03:00,De Neve Residence Hall,330,0.7638888888888888
2025-02-20 15:03:00,Dykstra Hall,698,0.9124183006535947
2025-02-20 15:03:00,Gayley Court Apartments,0,0.0
2025-02-20 15:03:00,Gayley Heights,0,0.0
2025-02-20 15:03:00,Glenrock Apartments,0,0.0
2025-02-20 15:03:00,Glenrock West Apartments,1,0.009523809523809525
2025-02-20 15:03:00,Hedrick Hall,991,0.9890219560878244
2025-02-20 15:03:00,Hedrick Summit,679,0.9755747126436781
2025-02-20 15:03:00,Hitch Suites,386,0.8577777777777778
2025-02-20 15:03:00,Landfair Apartments,0,0.0
2025-02-20 15:03:00,Landfair Vista Apartments,0,0.0
2025-02-20 15:03:00,Laurel,190,0.24804177545691905
2025-02-20 15:03:00,Levering Terrace Apartments,11,0.040892193308550186
2025-02-20 15:03:00,Olympic / Centennial,977,0.5836320191158901
2025-02-20 15:03:00,Palo Verde,96,0.22748815165876776
2025-02-20 15:03:00,Rieber Hall,961,0.964859437751004
2025-02-20 15:03:00,Rieber Terrace,609,0.7807692307692308
2025-02-20 15:03:00,Rieber Vista,581,0.8347701149425287
2025-02-20 15:03:00,Saxon Suites,128,0.3004694835680751
2025-02-20 15:03:00,Sproul Hall,846,0.8468468468468469
2025-02-20 15:03:00,Sproul Landing / Cove,289,0.28756218905472636
2025-02-20 15:03:00,Sunset Village,1138,0.6985880908532842
2025-02-20 15:03:00,Tipuana,219,0.23650107991360692
2025-02-20 15:03:00,Westwood Chateau Apartments,0,0.0
2025-02-20 15:03:00,Westwood Palms Apartments,0,0.0
2025-02-20 16:03:00,De Neve Plaza,840,0.6746987951807228
2025-02-20 16:03:00,De Neve Residence Hall,327,0.7569444444444444
2025-02-20 16:03:00,Dykstra Hall,695,0.9084967320261438
2025-02-20 16:03:00,Gayley Court Apartments,0,0.0
2025-02-20 16:03:00,Gayley Heights,0,0.0
2025-02-20 16:03:00,Glenrock Apartments,0,0.0
2025-02-20 16:03:00,Glenrock West Apartments,1,0.009523809523809525
2025-02-20 16:03:00,Hedrick Hall,990,0.9880239520958084
2025-02-20 16:03:00,Hedrick Summit,679,0.9755747126436781
2025-02-20 16:03:00,Hitch Suites,381,0.8466666666666667
2025-02-20 16:03:00,Landfair Apartments,0,0.0
2025-02-20 16:03:00,Landfair Vista Apartments,0,0.0
2025-02-20 16:03:00,Laurel,177,0.2310704960835509
2025-02-20 16:03:00,Levering Terrace Apartments,10,0.03717472118959108
2025-02-20 16:03:00,Olympic / Centennial,963,0.5752688172043011
2025-02-20 16:03:00,Palo Verde,92,0.21800947867298578
2025-02-20 16:03:00,Rieber Hall,956,0.9598393574297188
2025-02-20 16:03:00,Rieber Terrace,601,0.7705128205128206
2025-02-20 16:03:00,Rieber Vista,580,0.8333333333333334
2025-02-20 16:03:00,Saxon Suites,118,0.27699530516431925
2025-02-20 16:03:00,Sproul Hall,843,0.8438438438438438
2025-02-20 16:03:00,Sproul Landing / Cove,269,0.2676616915422886
2025-02-20 16:03:00,Sunset Village,1121,0.6881522406384285
2025-02-20 16:03:00,Tipuana,211,0.22786177105831534
2025-02-20 16:03:00,Westwood Chateau Apartments,0,0.0
2025-02-20 16:03:00,Westwood Palms Apartments,0,0.0
2025-02-21 10:00:00,De Neve Plaza,825,0.6626506024096386
2025-02-21 10:00:00,De Neve Residence Hall,321,0.7430555555555556
2025-02-21 10:00:00,Dykstra Hall,694,0.9071895424836601
2025-02-21 10:00:00,Gayley Court Apartments,0,0.0
2025-02-21 10:00:00,Gayley Heights,0,0.0
2025-02-21 10:00:00,Glenrock Apartments,0,0.0
2025-02-21 10:00:00,Glenrock West Apartments,1,0.009523809523809525
2025-02-21 10:00:00,Hedrick Hall,989,0.9870259481037924
2025-02-21 10:00:00,Hedrick Summit,679,0.9755747126436781
2025-02-21 10:00:00,Hitch Suites,380,0.8444444444444444
2025-02-21 10:00:00,Landfair Apartments,0,0.0
2025-02-21 10:00:00,Landfair Vista Apartments,0,0.0
2025-02-21 10:00:00,Laurel,154,0.2010443864229765
2025-02-21 10:00:00,Levering Terrace Apartments,10,0.03717472118959108
2025-02-21 10:00:00,Olympic / Centennial,933,0.557347670250896
2025-02-21 10:00:00,Palo Verde,91,0.2156398104265403
2025-02-21 10:00:00,Rieber Hall,953,0.9568273092369478
2025-02-21 10:00:00,Rieber Terrace,589,0.7551282051282051
2025-02-21 10:00:00,Rieber Vista,576,0.8275862068965517
2025-02-21 10:00:00,Saxon Suites,109,0.25586854460093894
2025-02-21 10:00:00,Sproul Hall,836,0.8368368368368369
2025-02-21 10:00:00,Sproul Landing / Cove,228,0.22686567164179106
2025-02-21 10:00:00,Sunset Village,1106,0.6789441375076735
2025-02-21 10:00:00,Tipuana,203,0.21922246220302377
2025-02-21 10:00:00,Westwood Chateau Apartments,0,0.0
2025-02-21 10:00:00,Westwood Palms Apartments,0,0.0
2025-02-21 11:00:00,De Neve Plaza,792,0.636144578313253
2025-02-21 11:00:00,De Neve Residence Hall,313,0.7245370370370371
2025-02-21 11:00:00,Dykstra Hall,685,0.8954248366013072
2025-02-21 11:00:00,Gayley Court Apartments,0,0.0
2025-02-21 11:00:00,Gayley Heights,0,0.0
2025-02-21 11:00:00,Glenrock Apartments,0,0.0
2025-02-21 11:00:00,Glenrock West Apartments,1,0.009523809523809525
2025-02-21 11:00:00,Hedrick Hall,989,0.9870259481037924
2025-02-21 11:00:00,Hedrick Summit,679,0.9755747126436781
2025-02-21 11:00:00,Hitch Suites,365,0.8111111111111111
2025-02-21 11:00:00,Landfair Apartments,0,0.0
2025-02-21 11:00:00,Landfair Vista Apartments,0,0.0
2025-02-21 11:00:00,Laurel,149,0.19451697127937337
2025-02-21 11:00:00,Levering Terrace Apartments,8,0.02973977695167286
2025-02-21 11:00:00,Olympic / Centennial,857,0.51194743130227
2025-02-21 11:00:00,Palo Verde,91,0.2156398104265403
2025-02-21 11:00:00,Rieber Hall,949,0.9528112449799196
2025-02-21 11:00:00,Rieber Terrace,562,0.7205128205128205
2025-02-21 11:00:00,Rieber Vista,550,0.7902298850574713
2025-02-21 11:00:00,Saxon Suites,83,0.19483568075117372
2025-02-21 11:00:00,Sproul Hall,823,0.8238238238238238
2025-02-21 11:00:00,Sproul Landing / Cove,165,0.16417910447761194
2025-02-21 11:00:00,Sunset Village,1055,0.6476365868631062
2025-02-21 11:00:00,Tipuana,187,0.2019438444924406
2025-02-21 11:00:00,Westwood Chateau Apartments,0,0.0
2025-02-21 11:00:00,Westwood Palms Apartments,0,0.0
2025-02-21 12:00:00,De Neve Plaza,725,0.5823293172690763
2025-02-21 12:00:00,De Neve Residence Hall,299,0.6921296296296297
2025-02-21 12:00:00,Dykstra Hall,685,0.8954248366013072
2025-02-21 12:00:00,Gayley Court Apartments,0,0.0
2025-02-21 12:00:00,Gayley Heights,0,0.0
2025-02-21 12:00:00,Glenrock Apartments,0,0.0
2025-02-21 12:00:00,Glenrock West Apartments,1,0.009523809523809525
2025-02-21 12:00:00,Hedrick Hall,980,0.9780439121756487
2025-02-21 12:00:00,Hedrick Summit,677,0.9727011494252874
2025-02-21 12:00:00,Hitch Suites,319,0.7088888888888889
2025-02-21 12:00:00,Landfair Apartments,0,0.0
2025-02-21 12:00:00,Landfair Vista Apartments,0,0.0
2025-02-21 12:00:00,Laurel,148,0.19321148825065274
2025-02-21 12:00:00,Levering Terrace Apartments,8,0.02973977695167286
2025-02-21 12:00:00,Olympic / Centennial,724,0.4324970131421744
2025-02-21 12:00:00,Palo Verde,87,0.20616113744075829
2025-02-21 12:00:00,Rieber Hall,944,0.9477911646586346
2025-02-21 12:00:00,Rieber Terrace,537,0.6884615384615385
2025-02-21 12:00:00,Rieber Vista,545,0.7830459770114943
2025-02-21 12:00:00,Saxon Suites,61,0.1431924882629108
2025-02-21 12:00:00,Sproul Hall,803,0.8038038038038038
2025-02-21 12:00:00,Sproul Landing / Cove,116,0.1154228855721393
2025-02-21 12:00:00,Sunset Village,978,0.6003683241252302
2025-02-21 12:00:00,Tipuana,187,0.2019438444924406
2025-02-21 12:00:00,Westwood Chateau Apartments,0,0.0
2025-02-21 12:00:00,Westwood Palms Apartments,0,0.0
2025-02-21 13:00:00,De Neve Plaza,678,0.5445783132530121
2025-02-21 13:00:00,De Neve Residence Hall,274,0.6342592592592593
2025-02-21 13:00:00,Dykstra Hall,676,0.8836601307189542
2025-02-21 13:00:00,Gayley Court Apartments,0,0.0
2025-02-21 13:00:00,Gayley Heights,0,0.0
2025-02-21 13:00:00,Glenrock Apartments,0,0.0
2025-02-21 13:00:00,Glenrock West Apartments,1,0.009523809523809525
2025-02-21 13:00:00,Hedrick Hall,969,0.9670658682634731
2025-02-21 13:00:00,Hedrick Summit,677,0.9727011494252874
2025-02-21 13:00:00,Hitch Suites,268,0.5955555555555555
2025-02-21 13:00:00,Landfair Apartments,0,0.0
2025-02-21 13:00:00,Landfair Vista Apartments,0,0.0
2025-02-21 13:00:00,Laurel,148,0.19321148825065274
2025-02-21 13:00:00,Levering Terrace Apartments,8,0.02973977695167286
2025-02-21 13:00:00,Olympic / Centennial,585,0.34946236559139787
2025-02-21 13:00:00,Palo Verde,86,0.2037914691943128
2025-02-21 13:00:00,Rieber Hall,935,0.9387550200803213
2025-02-21 13:00:00,Rieber Terrace,502,0.6435897435897436
2025-02-21 13:00:00,Rieber Vista,512,0.735632183908046
2025-02-21 13:00:00,Saxon Suites,55,0.12910798122065728
2025-02-21 13:00:00,Sproul Hall,782,0.7827827827827828
2025-02-21 13:00:00,Sproul Landing / Cove,88,0.08756218905472637
2025-02-21 13:00:00,Sunset Village,937,0.5751995089011663
2025-02-21 13:00:00,Tipuana,176,0.1900647948164147
2025-02-21 13:00:00,Westwood Chateau Apartments,0,0.0
2025-02-21 13:00:00,Westwood Palms Apartments,0,0.0
2025-02-21 14:00:00,De Neve Plaza,639,0.5132530120481927
2025-02-21 14:00:00,De Neve Residence Hall,249,0.5763888888888888
2025-02-21 14:00:00,Dykstra Hall,663,0.8666666666666667
2025-02-21 14:00:00,Gayley Court Apartments,0,0.0
2025-02-21 14:00:00,Gayley Heights,0,0.0
2025-02-21 14:00:00,Glenrock Apartments,0,0.0
2025-02-21 14:00:00,Glenrock West Apartments,1,0.009523809523809525
2025-02-21 14:00:00,Hedrick Hall,969,0.9670658682634731
2025-02-21 14:00:00,Hedrick Summit,674,0.9683908045977011
2025-02-21 14:00:00,Hitch Suites,219,0.4866666666666667
2025-02-21 14:00:00,Landfair Apartments,0,0.0
2025-02-21 14:00:00,Landfair Vista Apartments,0,0.0
2025-02-21 14:00:00,Laurel,145,0.18929503916449086
2025-02-21 14:00:00,Levering Terrace Apartments,8,0.02973977695167286
2025-02-21 14:00:00,Olympic / Centennial,428,0.25567502986857826
2025-02-21 14:00:00,Palo Verde,86,0.2037914691943128
2025-02-21 14:00:00,Rieber Hall,926,0.929718875502008
2025-02-21 14:00:00,Rieber Terrace,466,0.5974358974358974
2025-02-21 14:00:00,Rieber Vista,486,0.6982758620689655
2025-02-21 14:00:00,Saxon Suites,47,0.11032863849765258
2025-02-21 14:00:00,Sproul Hall,765,0.7657657657657657
2025-02-21 14:00:00,Sproul Landing / Cove,75,0.07462686567164178
2025-02-21 14:00:00,Sunset Village,854,0.5242480049109883
2025-02-21 14:00:00,Tipuana,174,0.1879049676025918
2025-02-21 14:00:00,Westwood Chateau Apartments,0,0.0
2025-02-21 14:00:00,Westwood Palms Apartments,0,0.0
2025-02-21 15:00:00,De Neve Plaza,570,0.4578313253012048
2025-02-21 15:00:00,De Neve Residence Hall,219,0.5069444444444444
2025-02-21 15:00:00,Dykstra Hall,656,0.857516339869281
2025-02-21 15:00:00,Gayley Court Apartments,0,0.0
2025-02-21 15:00:00,Gayley Heights,0,0.0
2025-02-21 15:00:00,Glenrock Apartments,0,0.0
2025-02-21 15:00:00,Glenrock West Apartments,1,0.009523809523809525
2025-02-21 15:00:00,Hedrick Hall,964,0.9620758483033932
2025-02-21 15:00:00,Hedrick Summit,669,0.9612068965517241
2025-02-21 15:00:00,Hitch Suites,181,0.4022222222222222
2025-02-21 15:00:00,Landfair Apartments,0,0.0
2025-02-21 15:00:00,Landfair Vista Apartments,0,0.0
2025-02-21 15:00:00,Laurel,140,0.18276762402088773
2025-02-21 15:00:00,Levering Terrace Apartments,8,0.02973977695167286
2025-02-21 15:00:00,Olympic / Centennial,318,0.18996415770609318
2025-02-21 15:00:00,Palo Verde,86,0.2037914691943128
2025-02-21 15:00:00,Rieber Hall,921,0.9246987951807228
2025-02-21 15:00:00,Rieber Terrace,437,0.5602564102564103
2025-02-21 15:00:00,Rieber Vista,456,0.6551724137931034
2025-02-21 15:00:00,Saxon Suites,41,0.09624413145539906
2025-02-21 15:00:00,Sproul Hall,744,0.7447447447447447
2025-02-21 15:00:00,Sproul Landing / Cove,73,0.07263681592039802
2025-02-21 15:00:00,Sunset Village,791,0.48557397176181705
2025-02-21 15:00:00,Tipuana,171,0.18466522678185746
2025-02-21 15:00:00,Westwood Chateau Apartments,0,0.0
2025-02-21 15:00:00,Westwood Palms Apartments,0,0.0
2025-02-21 16:00:00,De Neve Plaza,547,0.4393574297188755
2025-02-21 16:00:00,De Neve Residence Hall,216,0.5
2025-02-21 16:00:00,Dykstra Hall,648,0.8470588235294118
2025-02-21 16:00:00,Gayley Court Apartments,0,0.0
2025-02-21 16:00:00,Gayley Heights,0,0.0
2025-02-21 16:00:00,Glenrock Apartments,0,0.0
2025-02-21 16:00:00,Glenrock West Apartments,1,0.009523809523809525
2025-02-21 16:00:00,Hedrick Hall,964,0.9620758483033932
2025-02-21 16:00:00,Hedrick Summit,662,0.9511494252873564
2025-02-21 16:00:00,Hitch Suites,173,0.3844444444444444
2025-02-21 16:00:00,Landfair Apartments,0,0.0
2025-02-21 16:00:00,Landfair Vista Apartments,0,0.0
2025-02-21 16:00:00,Laurel,137,0.17885117493472585
2025-02-21 16:00:00,Levering Terrace Apartments,8,0.02973977695167286
2025-02-21 16:00:00,Olympic / Centennial,265,0.15830346475507767
2025-02-21 16:00:00,Palo Verde,86,0.2037914691943128
2025-02-21 16:00:00,Rieber Hall,914,0.9176706827309237
2025-02-21 16:00:00,Rieber Terrace,409,0.5243589743589744
2025-02-21 16:00:00,Rieber Vista,446,0.6408045977011494
2025-02-21 16:00:00,Saxon Suites,42,0.09859154929577464
2025-02-21 16:00:00,Sproul Hall,732,0.7327327327327328
2025-02-21 16:00:00,Sproul Landing / Cove,69,0.06865671641791045
2025-02-21 16:00:00,Sunset Village,768,0.4714548802946593
2025-02-21 16:00:00,Tipuana,167,0.18034557235421167
2025-02-21 16:00:00,Westwood Chateau Apartments,0,0.0
2025-02-21 16:00:00,Westwood Palms Apartments,0,0.0
2025-02-24 10:00:00,De Neve Plaza,467,0.3751004016064257
2025-02-24 10:00:00,De Neve Residence Hall,196,0.4537037037037037
2025-02-24 10:00:00,Dykstra Hall,633,0.8274509803921568
2025-02-24 10:00:00,Gayley Court Apartments,0,0.0
2025-02-24 10:00:00,Gayley Heights,0,0.0
2025-02-24 10:00:00,Glenrock Apartments,0,0.0
2025-02-24 10:00:00,Glenrock West Apartments,1,0.009523809523809525
2025-02-24 10:00:00,Hedrick Hall,964,0.9620758483033932
2025-02-24 10:00:00,Hedrick Summit,657,0.9439655172413793
2025-02-24 10:00:00,Hitch Suites,152,0.3377777777777778
2025-02-24 10:00:00,Landfair Apartments,0,0.0
2025-02-24 10:00:00,Landfair Vista Apartments,0,0.0
2025-02-24 10:00:00,Laurel,137,0.17885117493472585
2025-02-24 10:00:00,Levering Terrace Apartments,8,0.02973977695167286
2025-02-24 10:00:00,Olympic / Centennial,194,0.11589008363201912
2025-02-24 10:00:00,Palo Verde,86,0.2037914691943128
2025-02-24 10:00:00,Rieber Hall,908,0.9116465863453815
2025-02-24 10:00:00,Rieber Terrace,354,0.45384615384615384
2025-02-24 10:00:00,Rieber Vista,420,0.603448275862069
2025-02-24 10:00:00,Saxon Suites,41,0.09624413145539906
2025-02-24 10:00:00,Sproul Hall,704,0.7047047047047047
2025-02-24 10:00:00,Sproul Landing / Cove,64,0.06368159203980099
2025-02-24 10:00:00,Sunset Village,721,0.4426028238182934
2025-02-24 10:00:00,Tipuana,166,0.17926565874730022
2025-02-24 10:00:00,Westwood Chateau Apartments,0,0.0
2025-02-24 10:00:00,Westwood Palms Apartments,0,0.0
2025-02-24 11:00:00,De Neve Plaza,417,0.3349397590361446
2025-02-24 11:00:00,De Neve Residence Hall,143,0.33101851851851855
2025-02-24 11:00:00,Dykstra Hall,616,0.8052287581699347
2025-02-24 11:00:00,Gayley Court Apartments,0,0.0
2025-02-24 11:00:00,Gayley Heights,0,0.0
2025-02-24 11:00:00,Glenrock Apartments,0,0.0
2025-02-24 11:00:00,Glenrock West Apartments,1,0.009523809523809525
2025-02-24 11:00:00,Hedrick Hall,961,0.9590818363273453
2025-02-24 11:00:00,Hedrick Summit,653,0.9382183908045977
2025-02-24 11:00:00,Hitch Suites,135,0.3
2025-02-24 11:00:00,Landfair Apartments,0,0.0
2025-02-24 11:00:00,Landfair Vista Apartments,0,0.0
2025-02-24 11:00:00,Laurel,132,0.17232375979112272
2025-02-24 11:00:00,Levering Terrace Apartments,8,0.02973977695167286
2025-02-24 11:00:00,Olympic / Centennial,115,0.06869772998805257
2025-02-24 11:00:00,Palo Verde,86,0.2037914691943128
2025-02-24 11:00:00,Rieber Hall,900,0.9036144578313253
2025-02-24 11:00:00,Rieber Terrace,311,0.39871794871794874
2025-02-24 11:00:00,Rieber Vista,397,0.5704022988505747
2025-02-24 11:00:00,Saxon Suites,40,0.09389671361502347
2025-02-24 11:00:00,Sproul Hall,671,0.6716716716716716
2025-02-24 11:00:00,Sproul Landing / Cove,60,0.05970149253731343
2025-02-24 11:00:00,Sunset Village,661,0.4057704112952732
2025-02-24 11:00:00,Tipuana,162,0.17494600431965443
2025-02-24 11:00:00,Westwood Chateau Apartments,0,0.0
2025-02-24 11:00:00,Westwood Palms Apartments,0,0.0
2025-02-24 12:00:00,De Neve Plaza,374,0.3004016064257028
2025-02-24 12:00:00,De Neve Residence Hall,71,0.16435185185185186
2025-02-24 12:00:00,Dykstra Hall,592,0.7738562091503268
2025-02-24 12:00:00,Gayley Court Apartments,0,0.0
2025-02-24 12:00:00,Gayley Heights,0,0.0
2025-02-24 12:00:00,Glenrock Apartments,0,0.0
2025-02-24 12:00:00,Glenrock West Apartments,1,0.009523809523809525
2025-02-24 12:00:00,Hedrick Hall,957,0.9550898203592815
2025-02-24 12:00:00,Hedrick Summit,646,0.9281609195402298
2025-02-24 12:00:00,Hitch Suites,133,0.29555555555555557
2025-02-24 12:00:00,Landfair Apartments,0,0.0
2025-02-24 12:00:00,Landfair Vista Apartments,0,0.0
2025-02-24 12:00:00,Laurel,129,0.16840731070496084
2025-02-24 12:00:00,Levering Terrace Apartments,8,0.02973977695167286
2025-02-24 12:00:00,Olympic / Centennial,91,0.05436081242532855
2025-02-24 12:00:00,Palo Verde,86,0.2037914691943128
2025-02-24 12:00:00,Rieber Hall,895,0.8985943775100401
2025-02-24 12:00:00,Rieber Terrace,254,0.32564102564102565
2025-02-24 12:00:00,Rieber Vista,365,0.5244252873563219
2025-02-24 12:00:00,Saxon Suites,39,0.09154929577464789
2025-02-24 12:00:00,Sproul Hall,613,0.6136136136136137
2025-02-24 12:00:00,Sproul Landing / Cove,57,0.056716417910447764
2025-02-24 12:00:00,Sunset Village,591,0.36279926335174956
2025-02-24 12:00:00,Tipuana,162,0.17494600431965443
2025-02-24 12:00:00,Westwood Chateau Apartments,0,0.0
2025-02-24 12:00:00,Westwood Palms Apartments,0,0.0
2025-02-24 13:00:00,De Neve Plaza,338,0.2714859437751004
2025-02-24 13:00:00,De Neve Residence Hall,48,0.1111111111111111
2025-02-24 13:00:00,Dykstra Hall,576,0.7529411764705882
2025-02-24 13:00:00,Gayley Court Apartments,0,0.0
2025-02-24 13:00:00,Gayley Heights,0,0.0
2025-02-24 13:00:00,Glenrock Apartments,0,0.0
2025-02-24 13:00:00,Glenrock West Apartments,1,0.009523809523809525
2025-02-24 13:00:00,Hedrick Hall,955,0.9530938123752495
2025-02-24 13:00:00,Hedrick Summit,646,0.9281609195402298
2025-02-24 13:00:00,Hitch Suites,125,0.2777777777777778
2025-02-24 13:00:00,Landfair Apartments,0,0.0
2025-02-24 13:00:00,Landfair Vista Apartments,0,0.0
2025-02-24 13:00:00,Laurel,124,0.1618798955613577
2025-02-24 13:00:00,Levering Terrace Apartments,8,0.02973977695167286
2025-02-24 13:00:00,Olympic / Centennial,71,0.04241338112305854
2025-02-24 13:00:00,Palo Verde,80,0.1895734597156398
2025-02-24 13:00:00,Rieber Hall,885,0.8885542168674698
2025-02-24 13:00:00,Rieber Terrace,206,0.2641025641025641
2025-02-24 13:00:00,Rieber Vista,340,0.4885057471264368
2025-02-24 13:00:00,Saxon Suites,35,0.08215962441314555
2025-02-24 13:00:00,Sproul Hall,570,0.5705705705705706
2025-02-24 13:00:00,Sproul Landing / Cove,42,0.041791044776119404
2025-02-24 13:00:00,Sunset Village,545,0.334561080417434
2025-02-24 13:00:00,Tipuana,161,0.17386609071274298
2025-02-24 13:00:00,Westwood Chateau Apartments,0,0.0
2025-02-24 13:00:00,Westwood Palms Apartments,0,0.0
2025-02-24 14:00:00,De Neve Plaza,302,0.242570281124498
2025-02-24 14:00:00,De Neve Residence Hall,34,0.0787037037037037
2025-02-24 14:00:00,Dykstra Hall,564,0.7372549019607844
2025-02-24 14:00:00,Gayley Court Apartments,0,0.0
2025-02-24 14:00:00,Gayley Heights,0,0.0
2025-02-24 14:00:00,Glenrock Apartments,0,0.0
2025-02-24 14:00:00,Glenrock West Apartments,1,0.009523809523809525
2025-02-24 14:00:00,Hedrick Hall,951,0.9491017964071856
2025-02-24 14:00:00,Hedrick Summit,642,0.9224137931034483
2025-02-24 14:00:00,Hitch Suites,121,0.2688888888888889
2025-02-24 14:00:00,Landfair Apartments,0,0.0
2025-02-24 14:00:00,Landfair Vista Apartments,0,0.0
2025-02-24 14:00:00,Laurel,124,0.1618798955613577
2025-02-24 14:00:00,Levering Terrace Apartments,8,0.02973977695167286
2025-02-24 14:00:00,Olympic / Centennial,55,0.032855436081242535
2025-02-24 14:00:00,Palo Verde,83,0.1966824644549763
2025-02-24 14:00:00,Rieber Hall,878,0.8815261044176707
2025-02-24 14:00:00,Rieber Terrace,153,0.19615384615384615
2025-02-24 14:00:00,Rieber Vista,313,0.44971264367816094
2025-02-24 14:00:00,Saxon Suites,28,0.06572769953051644
2025-02-24 14:00:00,Sproul Hall,506,0.5065065065065065
2025-02-24 14:00:00,Sproul Landing / Cove,34,0.03383084577114428
2025-02-24 14:00:00,Sunset Village,489,0.3001841620626151
2025-02-24 14:00:00,Tipuana,156,0.16846652267818574
2025-02-24 14:00:00,Westwood Chateau Apartments,0,0.0
2025-02-24 14:00:00,Westwood Palms Apartments,0,0.0
2025-02-24 15:00:00,De Neve Plaza,274,0.22008032128514057
2025-02-24 15:00:00,De Neve Residence Hall,23,0.05324074074074074
2025-02-24 15:00:00,Dykstra Hall,551,0.7202614379084967
2025-02-24 15:00:00,Gayley Court Apartments,0,0.0
2025-02-24 15:00:00,Gayley Heights,0,0.0
2025-02-24 15:00:00,Glenrock Apartments,0,0.0
2025-02-24 15:00:00,Glenrock West Apartments,1,0.009523809523809525
2025-02-24 15:00:00,Hedrick Hall,951,0.9491017964071856
2025-02-24 15:00:00,Hedrick Summit,639,0.9181034482758621
2025-02-24 15:00:00,Hitch Suites,120,0.26666666666666666
2025-02-24 15:00:00,Landfair Apartments,0,0.0
2025-02-24 15:00:00,Landfair Vista Apartments,0,0.0
2025-02-24 15:00:00,Laurel,123,0.16057441253263707
2025-02-24 15:00:00,Levering Terrace Apartments,7,0.026022304832713755
2025-02-24 15:00:00,Olympic / Centennial,40,0.023894862604540025
2025-02-24 15:00:00,Palo Verde,81,0.19194312796208532
2025-02-24 15:00:00,Rieber Hall,868,0.8714859437751004
2025-02-24 15:00:00,Rieber Terrace,134,0.1717948717948718
2025-02-24 15:00:00,Rieber Vista,292,0.41954022988505746
2025-02-24 15:00:00,Saxon Suites,19,0.04460093896713615
2025-02-24 15:00:00,Sproul Hall,470,0.47047047047047047
2025-02-24 15:00:00,Sproul Landing / Cove,25,0.024875621890547265
2025-02-24 15:00:00,Sunset Village,457,0.2805402087170043
2025-02-24 15:00:00,Tipuana,155,0.1673866090712743
2025-02-24 15:00:00,Westwood Chateau Apartments,0,0.0
2025-02-24 15:00:00,Westwood Palms Apartments,0,0.0
2025-02-24 16:00:00,De Neve Plaza,262,0.21044176706827308
2025-02-24 16:00:00,De Neve Residence Hall,20,0.046296296296296294
2025-02-24 16:00:00,Dykstra Hall,548,0.7163398692810458
2025-02-24 16:00:00,Gayley Court Apartments,0,0.0
2025-02-24 16:00:00,Gayley Heights,0,0.0
2025-02-24 16:00:00,Glenrock Apartments,0,0.0
2025-02-24 16:00:00,Glenrock West Apartments,1,0.009523809523809525
2025-02-24 16:00:00,Hedrick Hall,951,0.9491017964071856
2025-02-24 16:00:00,Hedrick Summit,638,0.9166666666666666
2025-02-24 16:00:00,Hitch Suites,118,0.26222222222222225
2025-02-24 16:00:00,Landfair Apartments,0,0.0
2025-02-24 16:00:00,Landfair Vista Apartments,0,0.0
2025-02-24 16:00:00,Laurel,122,0.15926892950391644
2025-02-24 16:00:00,Levering Terrace Apartments,7,0.026022304832713755
2025-02-24 16:00:00,Olympic / Centennial,34,0.02031063321385902
2025-02-24 16:00:00,Palo Verde,80,0.1895734597156398
2025-02-24 16:00:00,Rieber Hall,864,0.8674698795180723
2025-02-24 16:00:00,Rieber Terrace,128,0.1641025641025641
2025-02-24 16:00:00,Rieber Vista,278,0.3994252873563218
2025-02-24 16:00:00,Saxon Suites,18,0.04225352112676056
2025-02-24 16:00:00,Sproul Hall,462,0.4624624624624625
2025-02-24 16:00:00,Sproul Landing / Cove,23,0.022885572139303482
2025-02-24 16:00:00,Sunset Village,456,0.27992633517495397
2025-02-24 16:00:00,Tipuana,155,0.1673866090712743
2025-02-24 16:00:00,Westwood Chateau Apartments,0,0.0
2025-02-24 16:00:00,Westwood Palms Apartments,0,0.0
2025-03-03 10:00:00,De Neve Plaza,263,0.21124497991967872
2025-03-03 10:00:00,De Neve Residence Hall,20,0.046296296296296294
2025-03-03 10:00:00,Dykstra Hall,548,0.7163398692810458
2025-03-03 10:00:00,Gayley Court Apartments,0,0.0
2025-03-03 10:00:00,Gayley Heights,0,0.0
2025-03-03 10:00:00,Glenrock Apartments,0,0.0
2025-03-03 10:00:00,Glenrock West Apartments,1,0.009523809523809525
2025-03-03 10:00:00,Hedrick Hall,951,0.9491017964071856
2025-03-03 10:00:00,Hedrick Summit,641,0.9209770114942529
2025-03-03 10:00:00,Hitch Suites,118,0.26222222222222225
2025-03-03 10:00:00,Landfair Apartments,0,0.0
2025-03-03 10:00:00,Landfair Vista Apartments,0,0.0
2025-03-03 10:00:00,Laurel,122,0.15926892950391644
2025-03-03 10:00:00,Levering Terrace Apartments,7,0.026022304832713755
2025-03-03 10:00:00,Olympic / Centennial,32,0.019115890083632018
2025-03-03 10:00:00,Palo Verde,79,0.1872037914691943
2025-03-03 10:00:00,Rieber Hall,866,0.8694779116465864
2025-03-03 10:00:00,Rieber Terrace,127,0.16282051282051282
2025-03-03 10:00:00,Rieber Vista,275,0.39511494252873564
2025-03-03 10:00:00,Saxon Suites,18,0.04225352112676056
2025-03-03 10:00:00,Sproul Hall,458,0.45845845845845845
2025-03-03 10:00:00,Sproul Landing / Cove,23,0.022885572139303482
2025-03-03 10:00:00,Sunset Village,451,0.2768569674647023
2025-03-03 10:00:00,Tipuana,155,0.1673866090712743
2025-03-03 10:00:00,Westwood Chateau Apartments,0,0.0
2025-03-03 10:00:00,Westwood Palms Apartments,0,0.0
2025-03-03 11:00:00,De Neve Plaza,262,0.21044176706827308
2025-03-03 11:00:00,De Neve Residence Hall,20,0.046296296296296294
2025-03-03 11:00:00,Dykstra Hall,547,0.7150326797385621
2025-03-03 11:00:00,Gayley Court Apartments,0,0.0
2025-03-03 11:00:00,Gayley Heights,0,0.0
2025-03-03 11:00:00,Glenrock Apartments,0,0.0
2025-03-03 11:00:00,Glenrock West Apartments,1,0.009523809523809525
2025-03-03 11:00:00,Hedrick Hall,951,0.9491017964071856
2025-03-03 11:00:00,Hedrick Summit,641,0.9209770114942529
2025-03-03 11:00:00,Hitch Suites,118,0.26222222222222225
2025-03-03 11:00:00,Landfair Apartments,0,0.0
2025-03-03 11:00:00,Landfair Vista Apartments,0,0.0
2025-03-03 11:00:00,Laurel,121,0.15796344647519583
2025-03-03 11:00:00,Levering Terrace Apartments,7,0.026022304832713755
2025-03-03 11:00:00,Olympic / Centennial,32,0.019115890083632018
2025-03-03 11:00:00,Palo Verde,79,0.1872037914691943
2025-03-03 11:00:00,Rieber Hall,866,0.8694779116465864
2025-03-03 11:00:00,Rieber Terrace,128,0.1641025641025641
2025-03-03 11:00:00,Rieber Vista,275,0.39511494252873564
2025-03-03 11:00:00,Saxon Suites,18,0.04225352112676056
2025-03-03 11:00:00,Sproul Hall,453,0.45345345345345345
2025-03-03 11:00:00,Sproul Landing / Cove,23,0.022885572139303482
2025-03-03 11:00:00,Sunset Village,448,0.2750153468385513
2025-03-03 11:00:00,Tipuana,152,0.16414686825053995
2025-03-03 11:00:00,Westwood Chateau Apartments,0,0.0
2025-03-03 11:00:00,Westwood Palms Apartments,0,0.0
2025-03-03 12:00:00,De Neve Plaza,253,0.20321285140562248
2025-03-03 12:00:00,De Neve Residence Hall,20,0.046296296296296294
2025-03-03 12:00:00,Dykstra Hall,547,0.7150326797385621
2025-03-03 12:00:00,Gayley Court Apartments,0,0.0
2025-03-03 12:00:00,Gayley Heights,3,0.002577319587628866
2025-03-03 12:00:00,Glenrock Apartments,0,0.0
2025-03-03 12:00:00,Glenrock West Apartments,1,0.009523809523809525
2025-03-03 12:00:00,Hedrick Hall,950,0.9481037924151696
2025-03-03 12:00:00,Hedrick Summit,641,0.9209770114942529
2025-03-03 12:00:00,Hitch Suites,118,0.26222222222222225
2025-03-03 12:00:00,Landfair Apartments,0,0.0
2025-03-03 12:00:00,Landfair Vista Apartments,0,0.0
2025-03-03 12:00:00,Laurel,121,0.15796344647519583
2025-03-03 12:00:00,Levering Terrace Apartments,16,0.05947955390334572
2025-03-03 12:00:00,Olympic / Centennial,31,0.018518518518518517
2025-03-03 12:00:00,Palo Verde,76,0.18009478672985782
2025-03-03 12:00:00,Rieber Hall,866,0.8694779116465864
2025-03-03 12:00:00,Rieber Terrace,128,0.1641025641025641
2025-03-03 12:00:00,Rieber Vista,275,0.39511494252873564
2025-03-03 12:00:00,Saxon Suites,18,0.04225352112676056
2025-03-03 12:00:00,Sproul Hall,450,0.45045045045045046
2025-03-03 12:00:00,Sproul Landing / Cove,23,0.022885572139303482
2025-03-03 12:00:00,Sunset Village,442,0.2713321055862492
2025-03-03 12:00:00,Tipuana,149,0.16090712742980562
2025-03-03 12:00:00,Westwood Chateau Apartments,0,0.0
2025-03-03 12:00:00,Westwood Palms Apartments,0,0.0
2025-03-03 13:00:00,De Neve Plaza,248,0.19919678714859437
2025-03-03 13:00:00,De Neve Residence Hall,20,0.046296296296296294
2025-03-03 13:00:00,Dykstra Hall,547,0.7150326797385621
2025-03-03 13:00:00,Gayley Court Apartments,0,0.0
2025-03-03 13:00:00,Gayley Heights,0,0.0
2025-03-03 13:00:00,Glenrock Apartments,0,0.0
2025-03-03 13:00:00,Glenrock West Apartments,1,0.009523809523809525
2025-03-03 13:00:00,Hedrick Hall,947,0.9451097804391217
2025-03-03 13:00:00,Hedrick Summit,640,0.9195402298850575
2025-03-03 13:00:00,Hitch Suites,118,0.26222222222222225
2025-03-03 13:00:00,Landfair Apartments,0,0.0
2025-03-03 13:00:00,Landfair Vista Apartments,0,0.0
2025-03-03 13:00:00,Laurel,118,0.15404699738903394
2025-03-03 13:00:00,Levering Terrace Apartments,12,0.04460966542750929
2025-03-03 13:00:00,Olympic / Centennial,31,0.018518518518518517
2025-03-03 13:00:00,Palo Verde,74,0.17535545023696683
2025-03-03 13:00:00,Rieber Hall,869,0.8724899598393574
2025-03-03 13:00:00,Rieber Terrace,128,0.1641025641025641
2025-03-03 13:00:00,Rieber Vista,275,0.39511494252873564
2025-03-03 13:00:00,Saxon Suites,18,0.04225352112676056
2025-03-03 13:00:00,Sproul Hall,450,0.45045045045045046
2025-03-03 13:00:00,Sproul Landing / Cove,24,0.023880597014925373
2025-03-03 13:00:00,Sunset Village,439,0.2694904849600982
2025-03-03 13:00:00,Tipuana,150,0.16198704103671707
2025-03-03 13:00:00,Westwood Chateau Apartments,0,0.0
2025-03-03 13:00:00,Westwood Palms Apartments,0,0.0
2025-03-03 14:00:00,De Neve Plaza,241,0.19357429718875502
2025-03-03 14:00:00,De Neve Residence Hall,20,0.046296296296296294
2025-03-03 14:00:00,Dykstra Hall,544,0.7111111111111111
2025-03-03 14:00:00,Gayley Court Apartments,0,0.0
2025-03-03 14:00:00,Gayley Heights,0,0.0
2025-03-03 14:00:00,Glenrock Apartments,0,0.0
2025-03-03 14:00:00,Glenrock West Apartments,1,0.009523809523809525
2025-03-03 14:00:00,Hedrick Hall,947,0.9451097804391217
2025-03-03 14:00:00,Hedrick Summit,638,0.9166666666666666
2025-03-03 14:00:00,Hitch Suites,118,0.26222222222222225
2025-03-03 14:00:00,Landfair Apartments,0,0.0
2025-03-03 14:00:00,Landfair Vista Apartments,0,0.0
2025-03-03 14:00:00,Laurel,114,0.14882506527415143
2025-03-03 14:00:00,Levering Terrace Apartments,8,0.02973977695167286
2025-03-03 14:00:00,Olympic / Centennial,35,0.02090800477897252
2025-03-03 14:00:00,Palo Verde,72,0.17061611374407584
2025-03-03 14:00:00,Rieber Hall,869,0.8724899598393574
2025-03-03 14:00:00,Rieber Terrace,126,0.16153846153846155
2025-03-03 14:00:00,Rieber Vista,275,0.39511494252873564
2025-03-03 14:00:00,Saxon Suites,18,0.04225352112676056
2025-03-03 14:00:00,Sproul Hall,450,0.45045045045045046
2025-03-03 14:00:00,Sproul Landing / Cove,24,0.023880597014925373
2025-03-03 14:00:00,Sunset Village,437,0.2682627378759975
2025-03-03 14:00:00,Tipuana,146,0.15766738660907129
2025-03-03 14:00:00,Westwood Chateau Apartments,0,0.0
2025-03-03 14:00:00,Westwood Palms Apartments,0,0.0
2025-03-03 16:00:00,De Neve Plaza,235,0.18875502008032127
2025-03-03 16:00:00,De Neve Residence Hall,16,0.037037037037037035
2025-03-03 16:00:00,Dykstra Hall,541,0.7071895424836602
2025-03-03 16:00:00,Gayley Court Apartments,0,0.0
2025-03-03 16:00:00,Gayley Heights,0,0.0
2025-03-03 16:00:00,Glenrock Apartments,0,0.0
2025-03-03 16:00:00,Glenrock West Apartments,1,0.009523809523809525
2025-03-03 16:00:00,Hedrick Hall,947,0.9451097804391217
2025-03-03 16:00:00,Hedrick Summit,633,0.9094827586206896
2025-03-03 16:00:00,Hitch Suites,113,0.2511111111111111
2025-03-03 16:00:00,Landfair Apartments,0,0.0
2025-03-03 16:00:00,Landfair Vista Apartments,0,0.0
2025-03-03 16:00:00,Laurel,111,0.14490861618798956
2025-03-03 16:00:00,Levering Terrace Apartments,2,0.007434944237918215
2025-03-03 16:00:00,Olympic / Centennial,34,0.02031063321385902
2025-03-03 16:00:00,Palo Verde,74,0.17535545023696683
2025-03-03 16:00:00,Rieber Hall,866,0.8694779116465864
2025-03-03 16:00:00,Rieber Terrace,128,0.1641025641025641
2025-03-03 16:00:00,Rieber Vista,275,0.39511494252873564
2025-03-03 16:00:00,Saxon Suites,19,0.04460093896713615
2025-03-03 16:00:00,Sproul Hall,442,0.44244244244244246
2025-03-03 16:00:00,Sproul Landing / Cove,25,0.024875621890547265
2025-03-03 16:00:00,Sunset Village,425,0.2608962553713935
2025-03-03 16:00:00,Tipuana,148,0.15982721382289417
2025-03-03 16:00:00,Westwood Chateau Apartments,0,0.0
2025-03-03 16:00:00,Westwood Palms Apartments,0,0.0
2025-03-04 10:01:00,De Neve Plaza,233,0.18714859437751005
2025-03-04 10:01:00,De Neve Residence Hall,16,0.037037037037037035
2025-03-04 10:01:00,Dykstra Hall,546,0.7137254901960784
2025-03-04 10:01:00,Gayley Court Apartments,0,0.0
2025-03-04 10:01:00,Gayley Heights,0,0.0
2025-03-04 10:01:00,Glenrock Apartments,0,0.0
2025-03-04 10:01:00,Glenrock West Apartments,1,0.009523809523809525
2025-03-04 10:01:00,Hedrick Hall,947,0.9451097804391217
2025-03-04 10:01:00,Hedrick Summit,633,0.9094827586206896
2025-03-04 10:01:00,Hitch Suites,114,0.25333333333333335
2025-03-04 10:01:00,Landfair Apartments,0,0.0
2025-03-04 10:01:00,Landfair Vista Apartments,0,0.0
2025-03-04 10:01:00,Laurel,116,0.1514360313315927
2025-03-04 10:01:00,Levering Terrace Apartments,0,0.0
2025-03-04 10:01:00,Olympic / Centennial,33,0.01971326164874552
2025-03-04 10:01:00,Palo Verde,67,0.15876777251184834
2025-03-04 10:01:00,Rieber Hall,866,0.8694779116465864
2025-03-04 10:01:00,Rieber Terrace,129,0.16538461538461538
2025-03-04 10:01:00,Rieber Vista,273,0.3922413793103448
2025-03-04 10:01:00,Saxon Suites,19,0.04460093896713615
2025-03-04 10:01:00,Sproul Hall,442,0.44244244244244246
2025-03-04 10:01:00,Sproul Landing / Cove,19,0.01890547263681592
2025-03-04 10:01:00,Sunset Village,420,0.2578268876611418
2025-03-04 10:01:00,Tipuana,149,0.16090712742980562
2025-03-04 10:01:00,Westwood Chateau Apartments,0,0.0
2025-03-04 10:01:00,Westwood Palms Apartments,0,0.0
2025-03-04 11:01:00,De Neve Plaza,230,0.18473895582329317
2025-03-04 11:01:00,De Neve Residence Hall,16,0.037037037037037035
2025-03-04 11:01:00,Dykstra Hall,544,0.7111111111111111
2025-03-04 11:01:00,Gayley Court Apartments,0,0.0
2025-03-04 11:01:00,Gayley Heights,2,0.001718213058419244
2025-03-04 11:01:00,Glenrock Apartments,0,0.0
2025-03-04 11:01:00,Glenrock West Apartments,1,0.009523809523809525
2025-03-04 11:01:00,Hedrick Hall,947,0.9451097804391217
2025-03-04 11:01:00,Hedrick Summit,633,0.9094827586206896
2025-03-04 11:01:00,Hitch Suites,115,0.25555555555555554
2025-03-04 11:01:00,Landfair Apartments,0,0.0
2025-03-04 11:01:00,Landfair Vista Apartments,0,0.0
2025-03-04 11:01:00,Laurel,116,0.1514360313315927
2025-03-04 11:01:00,Levering Terrace Apartments,0,0.0
2025-03-04 11:01:00,Olympic / Centennial,32,0.019115890083632018
2025-03-04 11:01:00,Palo Verde,63,0.14928909952606634
2025-03-04 11:01:00,Rieber Hall,865,0.8684738955823293
2025-03-04 11:01:00,Rieber Terrace,127,0.16282051282051282
2025-03-04 11:01:00,Rieber Vista,270,0.3879310344827586
2025-03-04 11:01:00,Saxon Suites,19,0.04460093896713615
2025-03-04 11:01:00,Sproul Hall,441,0.44144144144144143
2025-03-04 11:01:00,Sproul Landing / Cove,17,0.01691542288557214
2025-03-04 11:01:00,Sunset Village,420,0.2578268876611418
2025-03-04 11:01:00,Tipuana,152,0.16414686825053995
2025-03-04 11:01:00,Westwood Chateau Apartments,0,0.0
2025-03-04 11:01:00,Westwood Palms Apartments,0,0.0
2025-03-04 12:01:00,De Neve Plaza,230,0.18473895582329317
2025-03-04 12:01:00,De Neve Residence Hall,16,0.037037037037037035
2025-03-04 12:01:00,Dykstra Hall,544,0.7111111111111111
2025-03-04 12:01:00,Gayley Court Apartments,0,0.0
2025-03-04 12:01:00,Gayley Heights,1,0.000859106529209622
2025-03-04 12:01:00,Glenrock Apartments,0,0.0
2025-03-04 12:01:00,Glenrock West Apartments,1,0.009523809523809525
2025-03-04 12:01:00,Hedrick Hall,953,0.9510978043912176
2025-03-04 12:01:00,Hedrick Summit,633,0.9094827586206896
2025-03-04 12:01:00,Hitch Suites,116,0.2577777777777778
2025-03-04 12:01:00,Landfair Apartments,0,0.0
2025-03-04 12:01:00,Landfair Vista Apartments,0,0.0
2025-03-04 12:01:00,Laurel,115,0.15013054830287206
2025-03-04 12:01:00,Levering Terrace Apartments,0,0.0
2025-03-04 12:01:00,Olympic / Centennial,31,0.018518518518518517
2025-03-04 12:01:00,Palo Verde,63,0.14928909952606634
2025-03-04 12:01:00,Rieber Hall,862,0.8654618473895582
2025-03-04 12:01:00,Rieber Terrace,122,0.1564102564102564
2025-03-04 12:01:00,Rieber Vista,271,0.38936781609195403
2025-03-04 12:01:00,Saxon Suites,19,0.04460093896713615
2025-03-04 12:01:00,Sproul Hall,439,0.4394394394394394
2025-03-04 12:01:00,Sproul Landing / Cove,16,0.015920398009950248
2025-03-04 12:01:00,Sunset Village,413,0.25352977286678946
2025-03-04 12:01:00,Tipuana,154,0.16630669546436286
2025-03-04 12:01:00,Westwood Chateau Apartments,0,0.0
2025-03-04 12:01:00,Westwood Palms Apartments,0,0.0
2025-03-04 13:01:00,De Neve Plaza,232,0.18634538152610441
2025-03-04 13:01:00,De Neve Residence Hall,15,0.034722222222222224
2025-03-04 13:01:00,Dykstra Hall,547,0.7150326797385621
2025-03-04 13:01:00,Gayley Court Apartments,0,0.0
2025-03-04 13:01:00,Gayley Heights,0,0.0
2025-03-04 13:01:00,Glenrock Apartments,0,0.0
2025-03-04 13:01:00,Glenrock West Apartments,1,0.009523809523809525
2025-03-04 13:01:00,Hedrick Hall,952,0.9500998003992016
2025-03-04 13:01:00,Hedrick Summit,633,0.9094827586206896
2025-03-04 13:01:00,Hitch Suites,112,0.24888888888888888
2025-03-04 13:01:00,Landfair Apartments,0,0.0
2025-03-04 13:01:00,Landfair Vista Apartments,0,0.0
2025-03-04 13:01:00,Laurel,115,0.15013054830287206
2025-03-04 13:01:00,Levering Terrace Apartments,0,0.0
2025-03-04 13:01:00,Olympic / Centennial,29,0.017323775388291517
2025-03-04 13:01:00,Palo Verde,62,0.14691943127962084
2025-03-04 13:01:00,Rieber Hall,861,0.8644578313253012
2025-03-04 13:01:00,Rieber Terrace,119,0.15256410256410258
2025-03-04 13:01:00,Rieber Vista,267,0.38362068965517243
2025-03-04 13:01:00,Saxon Suites,19,0.04460093896713615
2025-03-04 13:01:00,Sproul Hall,434,0.4344344344344344
2025-03-04 13:01:00,Sproul Landing / Cove,16,0.015920398009950248
2025-03-04 13:01:00,Sunset Village,423,0.2596685082872928
2025-03-04 13:01:00,Tipuana,156,0.16846652267818574
2025-03-04 13:01:00,Westwood Chateau Apartments,0,0.0
2025-03-04 13:01:00,Westwood Palms Apartments,0,0.0
2025-03-04 14:01:00,De Neve Plaza,241,0.19357429718875502
2025-03-04 14:01:00,De Neve Residence Hall,22,0.05092592592592592
2025-03-04 14:01:00,Dykstra Hall,543,0.7098039215686275
2025-03-04 14:01:00,Gayley Court Apartments,0,0.0
2025-03-04 14:01:00,Gayley Heights,0,0.0
2025-03-04 14:01:00,Glenrock Apartments,0,0.0
2025-03-04 14:01:00,Glenrock West Apartments,1,0.009523809523809525
2025-03-04 14:01:00,Hedrick Hall,956,0.9540918163672655
2025-03-04 14:01:00,Hedrick Summit,633,0.9094827586206896
2025-03-04 14:01:00,Hitch Suites,112,0.24888888888888888
2025-03-04 14:01:00,Landfair Apartments,0,0.0
2025-03-04 14:01:00,Landfair Vista Apartments,0,0.0
2025-03-04 14:01:00,Laurel,115,0.15013054830287206
2025-03-04 14:01:00,Levering Terrace Apartments,0,0.0
2025-03-04 14:01:00,Olympic / Centennial,27,0.016129032258064516
2025-03-04 14:01:00,Palo Verde,62,0.14691943127962084
2025-03-04 14:01:00,Rieber Hall,858,0.8614457831325302
2025-03-04 14:01:00,Rieber Terrace,122,0.1564102564102564
2025-03-04 14:01:00,Rieber Vista,261,0.375
2025-03-04 14:01:00,Saxon Suites,19,0.04460093896713615
2025-03-04 14:01:00,Sproul Hall,430,0.43043043043043044
2025-03-04 14:01:00,Sproul Landing / Cove,16,0.015920398009950248
2025-03-04 14:01:00,Sunset Village,416,0.25537139349294047
2025-03-04 14:01:00,Tipuana,155,0.1673866090712743
2025-03-04 14:01:00,Westwood Chateau Apartments,0,0.0
2025-03-04 14:01:00,Westwood Palms Apartments,0,0.0
2025-03-04 15:01:00,De Neve Plaza,237,0.19036144578313252
2025-03-04 15:01:00,De Neve Residence Hall,22,0.05092592592592592
2025-03-04 15:01:00,Dykstra Hall,543,0.7098039215686275
2025-03-04 15:01:00,Gayley Court Apartments,0,0.0
2025-03-04 15:01:00,Gayley Heights,0,0.0
2025-03-04 15:01:00,Glenrock Apartments,0,0.0
2025-03-04 15:01:00,Glenrock West Apartments,1,0.009523809523809525
2025-03-04 15:01:00,Hedrick Hall,956,0.9540918163672655
2025-03-04 15:01:00,Hedrick Summit,632,0.9080459770114943
2025-03-04 15:01:00,Hitch Suites,115,0.25555555555555554
2025-03-04 15:01:00,Landfair Apartments,0,0.0
2025-03-04 15:01:00,Landfair Vista Apartments,0,0.0
2025-03-04 15:01:00,Laurel,116,0.1514360313315927
2025-03-04 15:01:00,Levering Terrace Apartments,1,0.0037174721189591076
2025-03-04 15:01:00,Olympic / Centennial,27,0.016129032258064516
2025-03-04 15:01:00,Palo Verde,61,0.14454976303317535
2025-03-04 15:01:00,Rieber Hall,855,0.858433734939759
2025-03-04 15:01:00,Rieber Terrace,120,0.15384615384615385
2025-03-04 15:01:00,Rieber Vista,255,0.36637931034482757
2025-03-04 15:01:00,Saxon Suites,19,0.04460093896713615
2025-03-04 15:01:00,Sproul Hall,432,0.43243243243243246
2025-03-04 15:01:00,Sproul Landing / Cove,13,0.012935323383084577
2025-03-04 15:01:00,Sunset Village,413,0.25352977286678946
2025-03-04 15:01:00,Tipuana,155,0.1673866090712743
2025-03-04 15:01:00,Westwood Chateau Apartments,0,0.0
2025-03-04 15:01:00,Westwood Palms Apartments,0,0.0
