Last_Updated,Room_Type,Available_Bed_Spaces,Percent_Left
2025-02-18 09:00:00,1 Bd/3 Person,120,1.0
2025-02-18 09:00:00,2 Bd+Loft/5 Person-Double,4,1.0
2025-02-18 09:00:00,2 Bd+Loft/6 Person,12,1.0
2025-02-18 09:00:00,2 Bd/3 Person-Double,50,1.0
2025-02-18 09:00:00,2 Bd/4 Person,1128,1.0
2025-02-18 09:00:00,2 Bd/5 Person-Double,20,1.0
2025-02-18 09:00:00,2 Bd/5 Person-Triple,30,1.0
2025-02-18 09:00:00,2 Bd/6 Person,666,1.0
2025-02-18 09:00:00,2 Bd/7 Person-Quad,108,1.0
2025-02-18 09:00:00,2 Bd/7 Person-Triple,81,1.0
2025-02-18 09:00:00,2 Bd/8 Person,192,1.0
2025-02-18 09:00:00,3 Bd+Loft/9 Person-Double,2,1.0
2025-02-18 09:00:00,3 Bd+Loft/9 Person-Triple,6,1.0
2025-02-18 09:00:00,3 Bd/6 Person,36,1.0
2025-02-18 09:00:00,3 Bd/8 Person-Double,4,1.0
2025-02-18 09:00:00,3 Bd/8 Person-Triple,12,1.0
2025-02-18 09:00:00,4 Bd/10 Person-Double,898,1.0
2025-02-18 09:00:00,4 Bd/10 Person-Triple,1350,1.0
2025-02-18 09:00:00,Classic Triple,3762,1.0
2025-02-18 09:00:00,Deluxe Triple,3111,1.0
2025-02-18 09:00:00,Plaza Triple/Private Bath,2142,1.0
2025-02-18 09:00:00,Plaza Triple/Shared Bath,2904,1.0
2025-02-18 09:00:00,Suite Triple/Shared Bath,876,1.0
2025-02-18 10:00:00,1 Bd/3 Person,73,0.6083333333333333
2025-02-18 10:00:00,2 Bd+Loft/5 Person-Double,4,1.0
2025-02-18 10:00:00,2 Bd+Loft/6 Person,0,0.0
2025-02-18 10:00:00,2 Bd/3 Person-Double,41,0.82
2025-02-18 10:00:00,2 Bd/4 Person,893,0.7916666666666666
2025-02-18 10:00:00,2 Bd/5 Person-Double,14,0.7
2025-02-18 10:00:00,2 Bd/5 Person-Triple,23,0.7666666666666667
2025-02-18 10:00:00,2 Bd/6 Person,634,0.9519519519519519
2025-02-18 10:00:00,2 Bd/7 Person-Quad,104,0.9629629629629629
2025-02-18 10:00:00,2 Bd/7 Person-Triple,81,1.0
2025-02-18 10:00:00,2 Bd/8 Person,192,1.0
2025-02-18 10:00:00,3 Bd+Loft/9 Person-Double,2,1.0
2025-02-18 10:00:00,3 Bd+Loft/9 Person-Triple,6,1.0
2025-02-18 10:00:00,3 Bd/6 Person,17,0.4722222222222222
2025-02-18 10:00:00,3 Bd/8 Person-Double,2,0.5
2025-02-18 10:00:00,3 Bd/8 Person-Triple,6,0.5
2025-02-18 10:00:00,4 Bd/10 Person-Double,894,0.9955456570155902
2025-02-18 10:00:00,4 Bd/10 Person-Triple,1344,0.9955555555555555
2025-02-18 10:00:00,Classic Triple,3741,0.9944178628389154
2025-02-18 10:00:00,Deluxe Triple,3043,0.9781420765027322
2025-02-18 10:00:00,Plaza Triple/Private Bath,2107,0.9836601307189542
2025-02-18 10:00:00,Plaza Triple/Shared Bath,2894,0.9965564738292011
2025-02-18 10:00:00,Suite Triple/Shared Bath,855,0.976027397260274
2025-02-18 11:00:00,1 Bd/3 Person,72,0.6
2025-02-18 11:00:00,2 Bd+Loft/5 Person-Double,2,0.5
2025-02-18 11:00:00,2 Bd+Loft/6 Person,0,0.0
2025-02-18 11:00:00,2 Bd/3 Person-Double,35,0.7
2025-02-18 11:00:00,2 Bd/4 Person,687,0.6090425531914894
2025-02-18 11:00:00,2 Bd/5 Person-Double,1,0.05
2025-02-18 11:00:00,2 Bd/5 Person-Triple,9,0.3
2025-02-18 11:00:00,2 Bd/6 Person,546,0.8198198198198198
2025-02-18 11:00:00,2 Bd/7 Person-Quad,104,0.9629629629629629
2025-02-18 11:00:00,2 Bd/7 Person-Triple,78,0.9629629629629629
2025-02-18 11:00:00,2 Bd/8 Person,192,1.0
2025-02-18 11:00:00,3 Bd+Loft/9 Person-Double,2,1.0
2025-02-18 11:00:00,3 Bd+Loft/9 Person-Triple,6,1.0
2025-02-18 11:00:00,3 Bd/6 Person,2,0.05555555555555555
2025-02-18 11:00:00,3 Bd/8 Person-Double,2,0.5
2025-02-18 11:00:00,3 Bd/8 Person-Triple,6,0.5
2025-02-18 11:00:00,4 Bd/10 Person-Double,892,0.9933184855233853
2025-02-18 11:00:00,4 Bd/10 Person-Triple,1338,0.9911111111111112
2025-02-18 11:00:00,Classic Triple,3724,0.98989898989899
2025-02-18 11:00:00,Deluxe Triple,2973,0.9556412729026037
2025-02-18 11:00:00,Plaza Triple/Private Bath,2073,0.9677871148459384
2025-02-18 11:00:00,Plaza Triple/Shared Bath,2881,0.9920798898071626
2025-02-18 11:00:00,Suite Triple/Shared Bath,828,0.9452054794520548
2025-02-18 12:00:00,1 Bd/3 Person,60,0.5
2025-02-18 12:00:00,2 Bd+Loft/5 Person-Double,1,0.25
2025-02-18 12:00:00,2 Bd+Loft/6 Person,0,0.0
2025-02-18 12:00:00,2 Bd/3 Person-Double,32,0.64
2025-02-18 12:00:00,2 Bd/4 Person,436,0.38652482269503546
2025-02-18 12:00:00,2 Bd/5 Person-Double,1,0.05
2025-02-18 12:00:00,2 Bd/5 Person-Triple,3,0.1
2025-02-18 12:00:00,2 Bd/6 Person,487,0.7312312312312312
2025-02-18 12:00:00,2 Bd/7 Person-Quad,104,0.9629629629629629
2025-02-18 12:00:00,2 Bd/7 Person-Triple,78,0.9629629629629629
2025-02-18 12:00:00,2 Bd/8 Person,184,0.9583333333333334
2025-02-18 12:00:00,3 Bd+Loft/9 Person-Double,0,0.0
2025-02-18 12:00:00,3 Bd+Loft/9 Person-Triple,4,0.6666666666666666
2025-02-18 12:00:00,3 Bd/6 Person,0,0.0
2025-02-18 12:00:00,3 Bd/8 Person-Double,2,0.5
2025-02-18 12:00:00,3 Bd/8 Person-Triple,6,0.5
2025-02-18 12:00:00,4 Bd/10 Person-Double,876,0.9755011135857461
2025-02-18 12:00:00,4 Bd/10 Person-Triple,1330,0.9851851851851852
2025-02-18 12:00:00,Classic Triple,3706,0.9851143009037746
2025-02-18 12:00:00,Deluxe Triple,2871,0.922854387656702
2025-02-18 12:00:00,Plaza Triple/Private Bath,2039,0.9519140989729225
2025-02-18 12:00:00,Plaza Triple/Shared Bath,2868,0.987603305785124
2025-02-18 12:00:00,Suite Triple/Shared Bath,819,0.934931506849315
2025-02-18 13:00:00,1 Bd/3 Person,42,0.35
2025-02-18 13:00:00,2 Bd+Loft/5 Person-Double,1,0.25
2025-02-18 13:00:00,2 Bd+Loft/6 Person,0,0.0
2025-02-18 13:00:00,2 Bd/3 Person-Double,24,0.48
2025-02-18 13:00:00,2 Bd/4 Person,169,0.149822695035461
2025-02-18 13:00:00,2 Bd/5 Person-Double,0,0.0
2025-02-18 13:00:00,2 Bd/5 Person-Triple,3,0.1
2025-02-18 13:00:00,2 Bd/6 Person,339,0.509009009009009
2025-02-18 13:00:00,2 Bd/7 Person-Quad,100,0.9259259259259259
2025-02-18 13:00:00,2 Bd/7 Person-Triple,78,0.9629629629629629
2025-02-18 13:00:00,2 Bd/8 Person,184,0.9583333333333334
2025-02-18 13:00:00,3 Bd+Loft/9 Person-Double,0,0.0
2025-02-18 13:00:00,3 Bd+Loft/9 Person-Triple,0,0.0
2025-02-18 13:00:00,3 Bd/6 Person,0,0.0
2025-02-18 13:00:00,3 Bd/8 Person-Double,0,0.0
2025-02-18 13:00:00,3 Bd/8 Person-Triple,6,0.5
2025-02-18 13:00:00,4 Bd/10 Person-Double,843,0.9387527839643652
2025-02-18 13:00:00,4 Bd/10 Person-Triple,1298,0.9614814814814815
2025-02-18 13:00:00,Classic Triple,3681,0.9784688995215312
2025-02-18 13:00:00,Deluxe Triple,2807,0.9022822243651559
2025-02-18 13:00:00,Plaza Triple/Private Bath,2031,0.9481792717086834
2025-02-18 13:00:00,Plaza Triple/Shared Bath,2849,0.9810606060606061
2025-02-18 13:00:00,Suite Triple/Shared Bath,810,0.9246575342465754
2025-02-18 14:00:00,1 Bd/3 Person,11,0.09166666666666666
2025-02-18 14:00:00,2 Bd+Loft/5 Person-Double,1,0.25
2025-02-18 14:00:00,2 Bd+Loft/6 Person,0,0.0
2025-02-18 14:00:00,2 Bd/3 Person-Double,12,0.24
2025-02-18 14:00:00,2 Bd/4 Person,72,0.06382978723404255
2025-02-18 14:00:00,2 Bd/5 Person-Double,0,0.0
2025-02-18 14:00:00,2 Bd/5 Person-Triple,2,0.06666666666666667
2025-02-18 14:00:00,2 Bd/6 Person,144,0.21621621621621623
2025-02-18 14:00:00,2 Bd/7 Person-Quad,100,0.9259259259259259
2025-02-18 14:00:00,2 Bd/7 Person-Triple,73,0.9012345679012346
2025-02-18 14:00:00,2 Bd/8 Person,184,0.9583333333333334
2025-02-18 14:00:00,3 Bd+Loft/9 Person-Double,0,0.0
2025-02-18 14:00:00,3 Bd+Loft/9 Person-Triple,0,0.0
2025-02-18 14:00:00,3 Bd/6 Person,0,0.0
2025-02-18 14:00:00,3 Bd/8 Person-Double,0,0.0
2025-02-18 14:00:00,3 Bd/8 Person-Triple,6,0.5
2025-02-18 14:00:00,4 Bd/10 Person-Double,810,0.9020044543429844
2025-02-18 14:00:00,4 Bd/10 Person-Triple,1275,0.9444444444444444
2025-02-18 14:00:00,Classic Triple,3669,0.9752791068580542
2025-02-18 14:00:00,Deluxe Triple,2746,0.882674381227901
2025-02-18 14:00:00,Plaza Triple/Private Bath,2000,0.9337068160597572
2025-02-18 14:00:00,Plaza Triple/Shared Bath,2830,0.9745179063360881
2025-02-18 14:00:00,Suite Triple/Shared Bath,799,0.9121004566210046
2025-02-18 15:00:00,1 Bd/3 Person,4,0.03333333333333333
2025-02-18 15:00:00,2 Bd+Loft/5 Person-Double,0,0.0
2025-02-18 15:00:00,2 Bd+Loft/6 Person,0,0.0
2025-02-18 15:00:00,2 Bd/3 Person-Double,5,0.1
2025-02-18 15:00:00,2 Bd/4 Person,28,0.024822695035460994
2025-02-18 15:00:00,2 Bd/5 Person-Double,0,0.0
2025-02-18 15:00:00,2 Bd/5 Person-Triple,1,0.03333333333333333
2025-02-18 15:00:00,2 Bd/6 Person,62,0.09309309309309309
2025-02-18 15:00:00,2 Bd/7 Person-Quad,54,0.5
2025-02-18 15:00:00,2 Bd/7 Person-Triple,35,0.43209876543209874
2025-02-18 15:00:00,2 Bd/8 Person,179,0.9322916666666666
2025-02-18 15:00:00,3 Bd+Loft/9 Person-Double,0,0.0
2025-02-18 15:00:00,3 Bd+Loft/9 Person-Triple,0,0.0
2025-02-18 15:00:00,3 Bd/6 Person,0,0.0
2025-02-18 15:00:00,3 Bd/8 Person-Double,0,0.0
2025-02-18 15:00:00,3 Bd/8 Person-Triple,6,0.5
2025-02-18 15:00:00,4 Bd/10 Person-Double,748,0.8329621380846325
2025-02-18 15:00:00,4 Bd/10 Person-Triple,1247,0.9237037037037037
2025-02-18 15:00:00,Classic Triple,3660,0.9728867623604466
2025-02-18 15:00:00,Deluxe Triple,2693,0.8656380585020894
2025-02-18 15:00:00,Plaza Triple/Private Bath,1967,0.9183006535947712
2025-02-18 15:00:00,Plaza Triple/Shared Bath,2828,0.9738292011019284
2025-02-18 15:00:00,Suite Triple/Shared Bath,794,0.906392694063927
2025-02-18 16:00:00,1 Bd/3 Person,3,0.025
2025-02-18 16:00:00,2 Bd+Loft/5 Person-Double,0,0.0
2025-02-18 16:00:00,2 Bd+Loft/6 Person,0,0.0
2025-02-18 16:00:00,2 Bd/3 Person-Double,1,0.02
2025-02-18 16:00:00,2 Bd/4 Person,13,0.01152482269503546
2025-02-18 16:00:00,2 Bd/5 Person-Double,0,0.0
2025-02-18 16:00:00,2 Bd/5 Person-Triple,0,0.0
2025-02-18 16:00:00,2 Bd/6 Person,27,0.04054054054054054
2025-02-18 16:00:00,2 Bd/7 Person-Quad,42,0.3888888888888889
2025-02-18 16:00:00,2 Bd/7 Person-Triple,35,0.43209876543209874
2025-02-18 16:00:00,2 Bd/8 Person,176,0.9166666666666666
2025-02-18 16:00:00,3 Bd+Loft/9 Person-Double,0,0.0
2025-02-18 16:00:00,3 Bd+Loft/9 Person-Triple,0,0.0
2025-02-18 16:00:00,3 Bd/6 Person,0,0.0
2025-02-18 16:00:00,3 Bd/8 Person-Double,0,0.0
2025-02-18 16:00:00,3 Bd/8 Person-Triple,6,0.5
2025-02-18 16:00:00,4 Bd/10 Person-Double,712,0.7928730512249443
2025-02-18 16:00:00,4 Bd/10 Person-Triple,1226,0.9081481481481481
2025-02-18 16:00:00,Classic Triple,3651,0.970494417862839
2025-02-18 16:00:00,Deluxe Triple,2659,0.8547090967534555
2025-02-18 16:00:00,Plaza Triple/Private Bath,1961,0.9154995331465919
2025-02-18 16:00:00,Plaza Triple/Shared Bath,2825,0.9727961432506887
2025-02-18 16:00:00,Suite Triple/Shared Bath,785,0.8961187214611872
2025-02-19 09:00:00,1 Bd/3 Person,3,0.025
2025-02-19 09:00:00,2 Bd+Loft/5 Person-Double,0,0.0
2025-02-19 09:00:00,2 Bd+Loft/6 Person,0,0.0
2025-02-19 09:00:00,2 Bd/3 Person-Double,1,0.02
2025-02-19 09:00:00,2 Bd/4 Person,13,0.01152482269503546
2025-02-19 09:00:00,2 Bd/5 Person-Double,0,0.0
2025-02-19 09:00:00,2 Bd/5 Person-Triple,0,0.0
2025-02-19 09:00:00,2 Bd/6 Person,27,0.04054054054054054
2025-02-19 09:00:00,2 Bd/7 Person-Quad,42,0.3888888888888889
2025-02-19 09:00:00,2 Bd/7 Person-Triple,35,0.43209876543209874
2025-02-19 09:00:00,2 Bd/8 Person,176,0.9166666666666666
2025-02-19 09:00:00,3 Bd+Loft/9 Person-Double,0,0.0
2025-02-19 09:00:00,3 Bd+Loft/9 Person-Triple,0,0.0
2025-02-19 09:00:00,3 Bd/6 Person,0,0.0
2025-02-19 09:00:00,3 Bd/8 Person-Double,0,0.0
2025-02-19 09:00:00,3 Bd/8 Person-Triple,6,0.5
2025-02-19 09:00:00,4 Bd/10 Person-Double,712,0.7928730512249443
2025-02-19 09:00:00,4 Bd/10 Person-Triple,1226,0.9081481481481481
2025-02-19 09:00:00,Classic Triple,3651,0.970494417862839
2025-02-19 09:00:00,Deluxe Triple,2659,0.8547090967534555
2025-02-19 09:00:00,Plaza Triple/Private Bath,1961,0.9154995331465919
2025-02-19 09:00:00,Plaza Triple/Shared Bath,2825,0.9727961432506887
2025-02-19 09:00:00,Suite Triple/Shared Bath,785,0.8961187214611872
2025-02-19 10:01:00,1 Bd/3 Person,3,0.025
2025-02-19 10:01:00,2 Bd+Loft/5 Person-Double,0,0.0
2025-02-19 10:01:00,2 Bd+Loft/6 Person,0,0.0
2025-02-19 10:01:00,2 Bd/3 Person-Double,0,0.0
2025-02-19 10:01:00,2 Bd/4 Person,2,0.0017730496453900709
2025-02-19 10:01:00,2 Bd/5 Person-Double,0,0.0
2025-02-19 10:01:00,2 Bd/5 Person-Triple,0,0.0
2025-02-19 10:01:00,2 Bd/6 Person,4,0.006006006006006006
2025-02-19 10:01:00,2 Bd/7 Person-Quad,27,0.25
2025-02-19 10:01:00,2 Bd/7 Person-Triple,10,0.12345679012345678
2025-02-19 10:01:00,2 Bd/8 Person,162,0.84375
2025-02-19 10:01:00,3 Bd+Loft/9 Person-Double,0,0.0
2025-02-19 10:01:00,3 Bd+Loft/9 Person-Triple,0,0.0
2025-02-19 10:01:00,3 Bd/6 Person,0,0.0
2025-02-19 10:01:00,3 Bd/8 Person-Double,0,0.0
2025-02-19 10:01:00,3 Bd/8 Person-Triple,1,0.08333333333333333
2025-02-19 10:01:00,4 Bd/10 Person-Double,573,0.6380846325167038
2025-02-19 10:01:00,4 Bd/10 Person-Triple,1143,0.8466666666666667
2025-02-19 10:01:00,Classic Triple,3641,0.9678362573099415
2025-02-19 10:01:00,Deluxe Triple,2609,0.8386370941819351
2025-02-19 10:01:00,Plaza Triple/Private Bath,1925,0.8986928104575164
2025-02-19 10:01:00,Plaza Triple/Shared Bath,2816,0.9696969696969697
2025-02-19 10:01:00,Suite Triple/Shared Bath,757,0.8641552511415526
2025-02-19 11:01:00,1 Bd/3 Person,3,0.025
2025-02-19 11:01:00,2 Bd+Loft/5 Person-Double,0,0.0
2025-02-19 11:01:00,2 Bd+Loft/6 Person,0,0.0
2025-02-19 11:01:00,2 Bd/3 Person-Double,0,0.0
2025-02-19 11:01:00,2 Bd/4 Person,2,0.0017730496453900709
2025-02-19 11:01:00,2 Bd/5 Person-Double,0,0.0
2025-02-19 11:01:00,2 Bd/5 Person-Triple,0,0.0
2025-02-19 11:01:00,2 Bd/6 Person,0,0.0
2025-02-19 11:01:00,2 Bd/7 Person-Quad,22,0.2037037037037037
2025-02-19 11:01:00,2 Bd/7 Person-Triple,6,0.07407407407407407
2025-02-19 11:01:00,2 Bd/8 Person,136,0.7083333333333334
2025-02-19 11:01:00,3 Bd+Loft/9 Person-Double,0,0.0
2025-02-19 11:01:00,3 Bd+Loft/9 Person-Triple,0,0.0
2025-02-19 11:01:00,3 Bd/6 Person,0,0.0
2025-02-19 11:01:00,3 Bd/8 Person-Double,0,0.0
2025-02-19 11:01:00,3 Bd/8 Person-Triple,0,0.0
2025-02-19 11:01:00,4 Bd/10 Person-Double,457,0.5089086859688196
2025-02-19 11:01:00,4 Bd/10 Person-Triple,1083,0.8022222222222222
2025-02-19 11:01:00,Classic Triple,3639,0.967304625199362
2025-02-19 11:01:00,Deluxe Triple,2559,0.8225650916104147
2025-02-19 11:01:00,Plaza Triple/Private Bath,1880,0.8776844070961718
2025-02-19 11:01:00,Plaza Triple/Shared Bath,2800,0.9641873278236914
2025-02-19 11:01:00,Suite Triple/Shared Bath,737,0.841324200913242
2025-02-19 12:01:00,1 Bd/3 Person,3,0.025
2025-02-19 12:01:00,2 Bd+Loft/5 Person-Double,0,0.0
2025-02-19 12:01:00,2 Bd+Loft/6 Person,0,0.0
2025-02-19 12:01:00,2 Bd/3 Person-Double,0,0.0
2025-02-19 12:01:00,2 Bd/4 Person,2,0.0017730496453900709
2025-02-19 12:01:00,2 Bd/5 Person-Double,0,0.0
2025-02-19 12:01:00,2 Bd/5 Person-Triple,0,0.0
2025-02-19 12:01:00,2 Bd/6 Person,0,0.0
2025-02-19 12:01:00,2 Bd/7 Person-Quad,6,0.05555555555555555
2025-02-19 12:01:00,2 Bd/7 Person-Triple,2,0.024691358024691357
2025-02-19 12:01:00,2 Bd/8 Person,100,0.5208333333333334
2025-02-19 12:01:00,3 Bd+Loft/9 Person-Double,0,0.0
2025-02-19 12:01:00,3 Bd+Loft/9 Person-Triple,0,0.0
2025-02-19 12:01:00,3 Bd/6 Person,0,0.0
2025-02-19 12:01:00,3 Bd/8 Person-Double,0,0.0
2025-02-19 12:01:00,3 Bd/8 Person-Triple,0,0.0
2025-02-19 12:01:00,4 Bd/10 Person-Double,340,0.37861915367483295
2025-02-19 12:01:00,4 Bd/10 Person-Triple,1044,0.7733333333333333
2025-02-19 12:01:00,Classic Triple,3635,0.9662413609782031
2025-02-19 12:01:00,Deluxe Triple,2501,0.803921568627451
2025-02-19 12:01:00,Plaza Triple/Private Bath,1849,0.8632119514472456
2025-02-19 12:01:00,Plaza Triple/Shared Bath,2798,0.9634986225895317
2025-02-19 12:01:00,Suite Triple/Shared Bath,735,0.839041095890411
2025-02-19 13:01:00,1 Bd/3 Person,3,0.025
2025-02-19 13:01:00,2 Bd+Loft/5 Person-Double,0,0.0
2025-02-19 13:01:00,2 Bd+Loft/6 Person,0,0.0
2025-02-19 13:01:00,2 Bd/3 Person-Double,0,0.0
2025-02-19 13:01:00,2 Bd/4 Person,0,0.0
2025-02-19 13:01:00,2 Bd/5 Person-Double,0,0.0
2025-02-19 13:01:00,2 Bd/5 Person-Triple,0,0.0
2025-02-19 13:01:00,2 Bd/6 Person,0,0.0
2025-02-19 13:01:00,2 Bd/7 Person-Quad,1,0.009259259259259259
2025-02-19 13:01:00,2 Bd/7 Person-Triple,0,0.0
2025-02-19 13:01:00,2 Bd/8 Person,77,0.4010416666666667
2025-02-19 13:01:00,3 Bd+Loft/9 Person-Double,0,0.0
2025-02-19 13:01:00,3 Bd+Loft/9 Person-Triple,0,0.0
2025-02-19 13:01:00,3 Bd/6 Person,0,0.0
2025-02-19 13:01:00,3 Bd/8 Person-Double,0,0.0
2025-02-19 13:01:00,3 Bd/8 Person-Triple,0,0.0
2025-02-19 13:01:00,4 Bd/10 Person-Double,252,0.2806236080178174
2025-02-19 13:01:00,4 Bd/10 Person-Triple,1013,0.7503703703703704
2025-02-19 13:01:00,Classic Triple,3628,0.9643806485911749
2025-02-19 13:01:00,Deluxe Triple,2441,0.7846351655416265
2025-02-19 13:01:00,Plaza Triple/Private Bath,1807,0.8436041083099907
2025-02-19 13:01:00,Plaza Triple/Shared Bath,2789,0.9603994490358126
2025-02-19 13:01:00,Suite Triple/Shared Bath,694,0.7922374429223744
2025-02-19 14:01:00,1 Bd/3 Person,3,0.025
2025-02-19 14:01:00,2 Bd+Loft/5 Person-Double,0,0.0
2025-02-19 14:01:00,2 Bd+Loft/6 Person,0,0.0
2025-02-19 14:01:00,2 Bd/3 Person-Double,0,0.0
2025-02-19 14:01:00,2 Bd/4 Person,0,0.0
2025-02-19 14:01:00,2 Bd/5 Person-Double,0,0.0
2025-02-19 14:01:00,2 Bd/5 Person-Triple,0,0.0
2025-02-19 14:01:00,2 Bd/6 Person,0,0.0
2025-02-19 14:01:00,2 Bd/7 Person-Quad,0,0.0
2025-02-19 14:01:00,2 Bd/7 Person-Triple,0,0.0
2025-02-19 14:01:00,2 Bd/8 Person,64,0.3333333333333333
2025-02-19 14:01:00,3 Bd+Loft/9 Person-Double,0,0.0
2025-02-19 14:01:00,3 Bd+Loft/9 Person-Triple,0,0.0
2025-02-19 14:01:00,3 Bd/6 Person,0,0.0
2025-02-19 14:01:00,3 Bd/8 Person-Double,0,0.0
2025-02-19 14:01:00,3 Bd/8 Person-Triple,0,0.0
2025-02-19 14:01:00,4 Bd/10 Person-Double,129,0.14365256124721604
2025-02-19 14:01:00,4 Bd/10 Person-Triple,942,0.6977777777777778
2025-02-19 14:01:00,Classic Triple,3613,0.9603934077618288
2025-02-19 14:01:00,Deluxe Triple,2369,0.7614914818386371
2025-02-19 14:01:00,Plaza Triple/Private Bath,1781,0.8314659197012139
2025-02-19 14:01:00,Plaza Triple/Shared Bath,2772,0.9545454545454546
2025-02-19 14:01:00,Suite Triple/Shared Bath,691,0.7888127853881278
2025-02-19 15:01:00,1 Bd/3 Person,3,0.025
2025-02-19 15:01:00,2 Bd+Loft/5 Person-Double,0,0.0
2025-02-19 15:01:00,2 Bd+Loft/6 Person,0,0.0
2025-02-19 15:01:00,2 Bd/3 Person-Double,0,0.0
2025-02-19 15:01:00,2 Bd/4 Person,0,0.0
2025-02-19 15:01:00,2 Bd/5 Person-Double,0,0.0
2025-02-19 15:01:00,2 Bd/5 Person-Triple,0,0.0
2025-02-19 15:01:00,2 Bd/6 Person,0,0.0
2025-02-19 15:01:00,2 Bd/7 Person-Quad,0,0.0
2025-02-19 15:01:00,2 Bd/7 Person-Triple,0,0.0
2025-02-19 15:01:00,2 Bd/8 Person,57,0.296875
2025-02-19 15:01:00,3 Bd+Loft/9 Person-Double,0,0.0
2025-02-19 15:01:00,3 Bd+Loft/9 Person-Triple,0,0.0
2025-02-19 15:01:00,3 Bd/6 Person,0,0.0
2025-02-19 15:01:00,3 Bd/8 Person-Double,0,0.0
2025-02-19 15:01:00,3 Bd/8 Person-Triple,0,0.0
2025-02-19 15:01:00,4 Bd/10 Person-Double,82,0.09131403118040089
2025-02-19 15:01:00,4 Bd/10 Person-Triple,905,0.6703703703703704
2025-02-19 15:01:00,Classic Triple,3611,0.9598617756512493
2025-02-19 15:01:00,Deluxe Triple,2333,0.7499196399871424
2025-02-19 15:01:00,Plaza Triple/Private Bath,1740,0.8123249299719888
2025-02-19 15:01:00,Plaza Triple/Shared Bath,2739,0.9431818181818182
2025-02-19 15:01:00,Suite Triple/Shared Bath,680,0.776255707762557
2025-02-19 16:01:00,1 Bd/3 Person,2,0.016666666666666666
2025-02-19 16:01:00,2 Bd+Loft/5 Person-Double,0,0.0
2025-02-19 16:01:00,2 Bd+Loft/6 Person,0,0.0
2025-02-19 16:01:00,2 Bd/3 Person-Double,0,0.0
2025-02-19 16:01:00,2 Bd/4 Person,0,0.0
2025-02-19 16:01:00,2 Bd/5 Person-Double,0,0.0
2025-02-19 16:01:00,2 Bd/5 Person-Triple,0,0.0
2025-02-19 16:01:00,2 Bd/6 Person,0,0.0
2025-02-19 16:01:00,2 Bd/7 Person-Quad,0,0.0
2025-02-19 16:01:00,2 Bd/7 Person-Triple,0,0.0
2025-02-19 16:01:00,2 Bd/8 Person,53,0.2760416666666667
2025-02-19 16:01:00,3 Bd+Loft/9 Person-Double,0,0.0
2025-02-19 16:01:00,3 Bd+Loft/9 Person-Triple,0,0.0
2025-02-19 16:01:00,3 Bd/6 Person,0,0.0
2025-02-19 16:01:00,3 Bd/8 Person-Double,0,0.0
2025-02-19 16:01:00,3 Bd/8 Person-Triple,0,0.0
2025-02-19 16:01:00,4 Bd/10 Person-Double,69,0.07683741648106904
2025-02-19 16:01:00,4 Bd/10 Person-Triple,874,0.6474074074074074
2025-02-19 16:01:00,Classic Triple,3602,0.9574694311536417
2025-02-19 16:01:00,Deluxe Triple,2283,0.733847637415622
2025-02-19 16:01:00,Plaza Triple/Private Bath,1713,0.7997198879551821
2025-02-19 16:01:00,Plaza Triple/Shared Bath,2735,0.9418044077134986
2025-02-19 16:01:00,Suite Triple/Shared Bath,663,0.7568493150684932
2025-02-20 10:02:00,1 Bd/3 Person,1,0.008333333333333333
2025-02-20 10:02:00,2 Bd+Loft/5 Person-Double,0,0.0
2025-02-20 10:02:00,2 Bd+Loft/6 Person,0,0.0
2025-02-20 10:02:00,2 Bd/3 Person-Double,0,0.0
2025-02-20 10:02:00,2 Bd/4 Person,0,0.0
2025-02-20 10:02:00,2 Bd/5 Person-Double,0,0.0
2025-02-20 10:02:00,2 Bd/5 Person-Triple,0,0.0
2025-02-20 10:02:00,2 Bd/6 Person,0,0.0
2025-02-20 10:02:00,2 Bd/7 Person-Quad,0,0.0
2025-02-20 10:02:00,2 Bd/7 Person-Triple,0,0.0
2025-02-20 10:02:00,2 Bd/8 Person,48,0.25
2025-02-20 10:02:00,3 Bd+Loft/9 Person-Double,0,0.0
2025-02-20 10:02:00,3 Bd+Loft/9 Person-Triple,0,0.0
2025-02-20 10:02:00,3 Bd/6 Person,0,0.0
2025-02-20 10:02:00,3 Bd/8 Person-Double,0,0.0
2025-02-20 10:02:00,3 Bd/8 Person-Triple,0,0.0
2025-02-20 10:02:00,4 Bd/10 Person-Double,57,0.06347438752783964
2025-02-20 10:02:00,4 Bd/10 Person-Triple,803,0.5948148148148148
2025-02-20 10:02:00,Classic Triple,3591,0.9545454545454546
2025-02-20 10:02:00,Deluxe Triple,2201,0.7074895531983285
2025-02-20 10:02:00,Plaza Triple/Private Bath,1669,0.7791783380018674
2025-02-20 10:02:00,Plaza Triple/Shared Bath,2717,0.9356060606060606
2025-02-20 10:02:00,Suite Triple/Shared Bath,638,0.728310502283105
2025-02-20 11:02:00,1 Bd/3 Person,1,0.008333333333333333
2025-02-20 11:02:00,2 Bd+Loft/5 Person-Double,0,0.0
2025-02-20 11:02:00,2 Bd+Loft/6 Person,0,0.0
2025-02-20 11:02:00,2 Bd/3 Person-Double,0,0.0
2025-02-20 11:02:00,2 Bd/4 Person,0,0.0
2025-02-20 11:02:00,2 Bd/5 Person-Double,0,0.0
2025-02-20 11:02:00,2 Bd/5 Person-Triple,0,0.0
2025-02-20 11:02:00,2 Bd/6 Person,0,0.0
2025-02-20 11:02:00,2 Bd/7 Person-Quad,0,0.0
2025-02-20 11:02:00,2 Bd/7 Person-Triple,0,0.0
2025-02-20 11:02:00,2 Bd/8 Person,36,0.1875
2025-02-20 11:02:00,3 Bd+Loft/9 Person-Double,0,0.0
2025-02-20 11:02:00,3 Bd+Loft/9 Person-Triple,0,0.0
2025-02-20 11:02:00,3 Bd/6 Person,0,0.0
2025-02-20 11:02:00,3 Bd/8 Person-Double,0,0.0
2025-02-20 11:02:00,3 Bd/8 Person-Triple,0,0.0
2025-02-20 11:02:00,4 Bd/10 Person-Double,45,0.05011135857461024
2025-02-20 11:02:00,4 Bd/10 Person-Triple,712,0.5274074074074074
2025-02-20 11:02:00,Classic Triple,3583,0.9524189261031366
2025-02-20 11:02:00,Deluxe Triple,2046,0.6576663452266153
2025-02-20 11:02:00,Plaza Triple/Private Bath,1600,0.7469654528478058
2025-02-20 11:02:00,Plaza Triple/Shared Bath,2670,0.9194214876033058
2025-02-20 11:02:00,Suite Triple/Shared Bath,621,0.708904109589041
2025-02-20 12:02:00,1 Bd/3 Person,1,0.008333333333333333
2025-02-20 12:02:00,2 Bd+Loft/5 Person-Double,0,0.0
2025-02-20 12:02:00,2 Bd+Loft/6 Person,0,0.0
2025-02-20 12:02:00,2 Bd/3 Person-Double,0,0.0
2025-02-20 12:02:00,2 Bd/4 Person,0,0.0
2025-02-20 12:02:00,2 Bd/5 Person-Double,0,0.0
2025-02-20 12:02:00,2 Bd/5 Person-Triple,0,0.0
2025-02-20 12:02:00,2 Bd/6 Person,0,0.0
2025-02-20 12:02:00,2 Bd/7 Person-Quad,0,0.0
2025-02-20 12:02:00,2 Bd/7 Person-Triple,0,0.0
2025-02-20 12:02:00,2 Bd/8 Person,17,0.08854166666666667
2025-02-20 12:02:00,3 Bd+Loft/9 Person-Double,0,0.0
2025-02-20 12:02:00,3 Bd+Loft/9 Person-Triple,0,0.0
2025-02-20 12:02:00,3 Bd/6 Person,0,0.0
2025-02-20 12:02:00,3 Bd/8 Person-Double,0,0.0
2025-02-20 12:02:00,3 Bd/8 Person-Triple,0,0.0
2025-02-20 12:02:00,4 Bd/10 Person-Double,26,0.028953229398663696
2025-02-20 12:02:00,4 Bd/10 Person-Triple,659,0.48814814814814816
2025-02-20 12:02:00,Classic Triple,3558,0.9457735247208932
2025-02-20 12:02:00,Deluxe Triple,1922,0.6178077788492446
2025-02-20 12:02:00,Plaza Triple/Private Bath,1537,0.7175536881419234
2025-02-20 12:02:00,Plaza Triple/Shared Bath,2629,0.9053030303030303
2025-02-20 12:02:00,Suite Triple/Shared Bath,594,0.678082191780822
2025-02-20 13:02:00,1 Bd/3 Person,1,0.008333333333333333
2025-02-20 13:02:00,2 Bd+Loft/5 Person-Double,0,0.0
2025-02-20 13:02:00,2 Bd+Loft/6 Person,0,0.0
2025-02-20 13:02:00,2 Bd/3 Person-Double,0,0.0
2025-02-20 13:02:00,2 Bd/4 Person,0,0.0
2025-02-20 13:02:00,2 Bd/5 Person-Double,0,0.0
2025-02-20 13:02:00,2 Bd/5 Person-Triple,0,0.0
2025-02-20 13:02:00,2 Bd/6 Person,0,0.0
2025-02-20 13:02:00,2 Bd/7 Person-Quad,0,0.0
2025-02-20 13:02:00,2 Bd/7 Person-Triple,0,0.0
2025-02-20 13:02:00,2 Bd/8 Person,16,0.08333333333333333
2025-02-20 13:02:00,3 Bd+Loft/9 Person-Double,0,0.0
2025-02-20 13:02:00,3 Bd+Loft/9 Person-Triple,0,0.0
2025-02-20 13:02:00,3 Bd/6 Person,0,0.0
2025-02-20 13:02:00,3 Bd/8 Person-Double,0,0.0
2025-02-20 13:02:00,3 Bd/8 Person-Triple,0,0.0
2025-02-20 13:02:00,4 Bd/10 Person-Double,16,0.017817371937639197
2025-02-20 13:02:00,4 Bd/10 Person-Triple,592,0.43851851851851853
2025-02-20 13:02:00,Classic Triple,3546,0.9425837320574163
2025-02-20 13:02:00,Deluxe Triple,1812,0.5824493731918997
2025-02-20 13:02:00,Plaza Triple/Private Bath,1481,0.6914098972922502
2025-02-20 13:02:00,Plaza Triple/Shared Bath,2597,0.8942837465564738
2025-02-20 13:02:00,Suite Triple/Shared Bath,551,0.6289954337899544
2025-02-20 14:03:00,1 Bd/3 Person,1,0.008333333333333333
2025-02-20 14:03:00,2 Bd+Loft/5 Person-Double,0,0.0
2025-02-20 14:03:00,2 Bd+Loft/6 Person,0,0.0
2025-02-20 14:03:00,2 Bd/3 Person-Double,0,0.0
2025-02-20 14:03:00,2 Bd/4 Person,0,0.0
2025-02-20 14:03:00,2 Bd/5 Person-Double,0,0.0
2025-02-20 14:03:00,2 Bd/5 Person-Triple,0,0.0
2025-02-20 14:03:00,2 Bd/6 Person,0,0.0
2025-02-20 14:03:00,2 Bd/7 Person-Quad,0,0.0
2025-02-20 14:03:00,2 Bd/7 Person-Triple,0,0.0
2025-02-20 14:03:00,2 Bd/8 Person,13,0.06770833333333333
2025-02-20 14:03:00,3 Bd+Loft/9 Person-Double,0,0.0
2025-02-20 14:03:00,3 Bd+Loft/9 Person-Triple,0,0.0
2025-02-20 14:03:00,3 Bd/6 Person,0,0.0
2025-02-20 14:03:00,3 Bd/8 Person-Double,0,0.0
2025-02-20 14:03:00,3 Bd/8 Person-Triple,0,0.0
2025-02-20 14:03:00,4 Bd/10 Person-Double,9,0.01002227171492205
2025-02-20 14:03:00,4 Bd/10 Person-Triple,552,0.4088888888888889
2025-02-20 14:03:00,Classic Triple,3525,0.9370015948963317
2025-02-20 14:03:00,Deluxe Triple,1702,0.5470909675345548
2025-02-20 14:03:00,Plaza Triple/Private Bath,1432,0.6685340802987861
2025-02-20 14:03:00,Plaza Triple/Shared Bath,2539,0.8743112947658402
2025-02-20 14:03:00,Suite Triple/Shared Bath,531,0.6061643835616438
2025-02-20 15:03:00,1 Bd/3 Person,1,0.008333333333333333
2025-02-20 15:03:00,2 Bd+Loft/5 Person-Double,0,0.0
2025-02-20 15:03:00,2 Bd+Loft/6 Person,0,0.0
2025-02-20 15:03:00,2 Bd/3 Person-Double,0,0.0
2025-02-20 15:03:00,2 Bd/4 Person,0,0.0
2025-02-20 15:03:00,2 Bd/5 Person-Double,0,0.0
2025-02-20 15:03:00,2 Bd/5 Person-Triple,0,0.0
2025-02-20 15:03:00,2 Bd/6 Person,0,0.0
2025-02-20 15:03:00,2 Bd/7 Person-Quad,0,0.0
2025-02-20 15:03:00,2 Bd/7 Person-Triple,0,0.0
2025-02-20 15:03:00,2 Bd/8 Person,11,0.057291666666666664
2025-02-20 15:03:00,3 Bd+Loft/9 Person-Double,0,0.0
2025-02-20 15:03:00,3 Bd+Loft/9 Person-Triple,0,0.0
2025-02-20 15:03:00,3 Bd/6 Person,0,0.0
2025-02-20 15:03:00,3 Bd/8 Person-Double,0,0.0
2025-02-20 15:03:00,3 Bd/8 Person-Triple,0,0.0
2025-02-20 15:03:00,4 Bd/10 Person-Double,9,0.01002227171492205
2025-02-20 15:03:00,4 Bd/10 Person-Triple,496,0.3674074074074074
2025-02-20 15:03:00,Classic Triple,3496,0.9292929292929293
2025-02-20 15:03:00,Deluxe Triple,1596,0.5130183220829315
2025-02-20 15:03:00,Plaza Triple/Private Bath,1368,0.6386554621848739
2025-02-20 15:03:00,Plaza Triple/Shared Bath,2490,0.8574380165289256
2025-02-20 15:03:00,Suite Triple/Shared Bath,514,0.58675799086758
2025-02-20 16:03:00,1 Bd/3 Person,1,0.008333333333333333
2025-02-20 16:03:00,2 Bd+Loft/5 Person-Double,0,0.0
2025-02-20 16:03:00,2 Bd+Loft/6 Person,0,0.0
2025-02-20 16:03:00,2 Bd/3 Person-Double,0,0.0
2025-02-20 16:03:00,2 Bd/4 Person,0,0.0
2025-02-20 16:03:00,2 Bd/5 Person-Double,0,0.0
2025-02-20 16:03:00,2 Bd/5 Person-Triple,0,0.0
2025-02-20 16:03:00,2 Bd/6 Person,0,0.0
2025-02-20 16:03:00,2 Bd/7 Person-Quad,0,0.0
2025-02-20 16:03:00,2 Bd/7 Person-Triple,0,0.0
2025-02-20 16:03:00,2 Bd/8 Person,10,0.052083333333333336
2025-02-20 16:03:00,3 Bd+Loft/9 Person-Double,0,0.0
2025-02-20 16:03:00,3 Bd+Loft/9 Person-Triple,0,0.0
2025-02-20 16:03:00,3 Bd/6 Person,0,0.0
2025-02-20 16:03:00,3 Bd/8 Person-Double,0,0.0
2025-02-20 16:03:00,3 Bd/8 Person-Triple,0,0.0
2025-02-20 16:03:00,4 Bd/10 Person-Double,6,0.0066815144766146995
2025-02-20 16:03:00,4 Bd/10 Person-Triple,474,0.3511111111111111
2025-02-20 16:03:00,Classic Triple,3484,0.9261031366294524
2025-02-20 16:03:00,Deluxe Triple,1559,0.5011250401800065
2025-02-20 16:03:00,Plaza Triple/Private Bath,1343,0.626984126984127
2025-02-20 16:03:00,Plaza Triple/Shared Bath,2478,0.8533057851239669
2025-02-20 16:03:00,Suite Triple/Shared Bath,499,0.569634703196347
2025-02-21 10:00:00,1 Bd/3 Person,1,0.008333333333333333
2025-02-21 10:00:00,2 Bd+Loft/5 Person-Double,0,0.0
2025-02-21 10:00:00,2 Bd+Loft/6 Person,0,0.0
2025-02-21 10:00:00,2 Bd/3 Person-Double,0,0.0
2025-02-21 10:00:00,2 Bd/4 Person,0,0.0
2025-02-21 10:00:00,2 Bd/5 Person-Double,0,0.0
2025-02-21 10:00:00,2 Bd/5 Person-Triple,0,0.0
2025-02-21 10:00:00,2 Bd/6 Person,0,0.0
2025-02-21 10:00:00,2 Bd/7 Person-Quad,0,0.0
2025-02-21 10:00:00,2 Bd/7 Person-Triple,0,0.0
2025-02-21 10:00:00,2 Bd/8 Person,10,0.052083333333333336
2025-02-21 10:00:00,3 Bd+Loft/9 Person-Double,0,0.0
2025-02-21 10:00:00,3 Bd+Loft/9 Person-Triple,0,0.0
2025-02-21 10:00:00,3 Bd/6 Person,0,0.0
2025-02-21 10:00:00,3 Bd/8 Person-Double,0,0.0
2025-02-21 10:00:00,3 Bd/8 Person-Triple,0,0.0
2025-02-21 10:00:00,4 Bd/10 Person-Double,1,0.0011135857461024498
2025-02-21 10:00:00,4 Bd/10 Person-Triple,447,0.33111111111111113
2025-02-21 10:00:00,Classic Triple,3472,0.9229133439659756
2025-02-21 10:00:00,Deluxe Triple,1482,0.476374156219865
2025-02-21 10:00:00,Plaza Triple/Private Bath,1319,0.6157796451914099
2025-02-21 10:00:00,Plaza Triple/Shared Bath,2456,0.8457300275482094
2025-02-21 10:00:00,Suite Triple/Shared Bath,489,0.5582191780821918
2025-02-21 11:00:00,1 Bd/3 Person,1,0.008333333333333333
2025-02-21 11:00:00,2 Bd+Loft/5 Person-Double,0,0.0
2025-02-21 11:00:00,2 Bd+Loft/6 Person,0,0.0
2025-02-21 11:00:00,2 Bd/3 Person-Double,0,0.0
2025-02-21 11:00:00,2 Bd/4 Person,0,0.0
2025-02-21 11:00:00,2 Bd/5 Person-Double,0,0.0
2025-02-21 11:00:00,2 Bd/5 Person-Triple,0,0.0
2025-02-21 11:00:00,2 Bd/6 Person,0,0.0
2025-02-21 11:00:00,2 Bd/7 Person-Quad,0,0.0
2025-02-21 11:00:00,2 Bd/7 Person-Triple,0,0.0
2025-02-21 11:00:00,2 Bd/8 Person,8,0.041666666666666664
2025-02-21 11:00:00,3 Bd+Loft/9 Person-Double,0,0.0
2025-02-21 11:00:00,3 Bd+Loft/9 Person-Triple,0,0.0
2025-02-21 11:00:00,3 Bd/6 Person,0,0.0
2025-02-21 11:00:00,3 Bd/8 Person-Double,0,0.0
2025-02-21 11:00:00,3 Bd/8 Person-Triple,0,0.0
2025-02-21 11:00:00,4 Bd/10 Person-Double,0,0.0
2025-02-21 11:00:00,4 Bd/10 Person-Triple,427,0.3162962962962963
2025-02-21 11:00:00,Classic Triple,3446,0.9160021265284424
2025-02-21 11:00:00,Deluxe Triple,1335,0.42912246865959497
2025-02-21 11:00:00,Plaza Triple/Private Bath,1257,0.5868347338935574
2025-02-21 11:00:00,Plaza Triple/Shared Bath,2381,0.8199035812672176
2025-02-21 11:00:00,Suite Triple/Shared Bath,448,0.5114155251141552
2025-02-21 12:00:00,1 Bd/3 Person,1,0.008333333333333333
2025-02-21 12:00:00,2 Bd+Loft/5 Person-Double,0,0.0
2025-02-21 12:00:00,2 Bd+Loft/6 Person,0,0.0
2025-02-21 12:00:00,2 Bd/3 Person-Double,0,0.0
2025-02-21 12:00:00,2 Bd/4 Person,0,0.0
2025-02-21 12:00:00,2 Bd/5 Person-Double,0,0.0
2025-02-21 12:00:00,2 Bd/5 Person-Triple,0,0.0
2025-02-21 12:00:00,2 Bd/6 Person,0,0.0
2025-02-21 12:00:00,2 Bd/7 Person-Quad,0,0.0
2025-02-21 12:00:00,2 Bd/7 Person-Triple,0,0.0
2025-02-21 12:00:00,2 Bd/8 Person,8,0.041666666666666664
2025-02-21 12:00:00,3 Bd+Loft/9 Person-Double,0,0.0
2025-02-21 12:00:00,3 Bd+Loft/9 Person-Triple,0,0.0
2025-02-21 12:00:00,3 Bd/6 Person,0,0.0
2025-02-21 12:00:00,3 Bd/8 Person-Double,0,0.0
2025-02-21 12:00:00,3 Bd/8 Person-Triple,0,0.0
2025-02-21 12:00:00,4 Bd/10 Person-Double,0,0.0
2025-02-21 12:00:00,4 Bd/10 Person-Triple,422,0.3125925925925926
2025-02-21 12:00:00,Classic Triple,3412,0.9069643806485912
2025-02-21 12:00:00,Deluxe Triple,1139,0.366120218579235
2025-02-21 12:00:00,Plaza Triple/Private Bath,1149,0.5364145658263305
2025-02-21 12:00:00,Plaza Triple/Shared Bath,2313,0.7964876033057852
2025-02-21 12:00:00,Suite Triple/Shared Bath,380,0.4337899543378995
2025-02-21 13:00:00,1 Bd/3 Person,1,0.008333333333333333
2025-02-21 13:00:00,2 Bd+Loft/5 Person-Double,0,0.0
2025-02-21 13:00:00,2 Bd+Loft/6 Person,0,0.0
2025-02-21 13:00:00,2 Bd/3 Person-Double,0,0.0
2025-02-21 13:00:00,2 Bd/4 Person,0,0.0
2025-02-21 13:00:00,2 Bd/5 Person-Double,0,0.0
2025-02-21 13:00:00,2 Bd/5 Person-Triple,0,0.0
2025-02-21 13:00:00,2 Bd/6 Person,0,0.0
2025-02-21 13:00:00,2 Bd/7 Person-Quad,0,0.0
2025-02-21 13:00:00,2 Bd/7 Person-Triple,0,0.0
2025-02-21 13:00:00,2 Bd/8 Person,8,0.041666666666666664
2025-02-21 13:00:00,3 Bd+Loft/9 Person-Double,0,0.0
2025-02-21 13:00:00,3 Bd+Loft/9 Person-Triple,0,0.0
2025-02-21 13:00:00,3 Bd/6 Person,0,0.0
2025-02-21 13:00:00,3 Bd/8 Person-Double,0,0.0
2025-02-21 13:00:00,3 Bd/8 Person-Triple,0,0.0
2025-02-21 13:00:00,4 Bd/10 Person-Double,0,0.0
2025-02-21 13:00:00,4 Bd/10 Person-Triple,410,0.3037037037037037
2025-02-21 13:00:00,Classic Triple,3362,0.8936735778841042
2025-02-21 13:00:00,Deluxe Triple,947,0.3044037287045966
2025-02-21 13:00:00,Plaza Triple/Private Bath,1079,0.503734827264239
2025-02-21 13:00:00,Plaza Triple/Shared Bath,2227,0.7668732782369146
2025-02-21 13:00:00,Suite Triple/Shared Bath,323,0.3687214611872146
2025-02-21 14:00:00,1 Bd/3 Person,1,0.008333333333333333
2025-02-21 14:00:00,2 Bd+Loft/5 Person-Double,0,0.0
2025-02-21 14:00:00,2 Bd+Loft/6 Person,0,0.0
2025-02-21 14:00:00,2 Bd/3 Person-Double,0,0.0
2025-02-21 14:00:00,2 Bd/4 Person,0,0.0
2025-02-21 14:00:00,2 Bd/5 Person-Double,0,0.0
2025-02-21 14:00:00,2 Bd/5 Person-Triple,0,0.0
2025-02-21 14:00:00,2 Bd/6 Person,0,0.0
2025-02-21 14:00:00,2 Bd/7 Person-Quad,0,0.0
2025-02-21 14:00:00,2 Bd/7 Person-Triple,0,0.0
2025-02-21 14:00:00,2 Bd/8 Person,8,0.041666666666666664
2025-02-21 14:00:00,3 Bd+Loft/9 Person-Double,0,0.0
2025-02-21 14:00:00,3 Bd+Loft/9 Person-Triple,0,0.0
2025-02-21 14:00:00,3 Bd/6 Person,0,0.0
2025-02-21 14:00:00,3 Bd/8 Person-Double,0,0.0
2025-02-21 14:00:00,3 Bd/8 Person-Triple,0,0.0
2025-02-21 14:00:00,4 Bd/10 Person-Double,0,0.0
2025-02-21 14:00:00,4 Bd/10 Person-Triple,405,0.3
2025-02-21 14:00:00,Classic Triple,3323,0.8833067517278044
2025-02-21 14:00:00,Deluxe Triple,752,0.24172291867566698
2025-02-21 14:00:00,Plaza Triple/Private Bath,1005,0.469187675070028
2025-02-21 14:00:00,Plaza Triple/Shared Bath,2114,0.727961432506887
2025-02-21 14:00:00,Suite Triple/Shared Bath,266,0.3036529680365297
2025-02-21 15:00:00,1 Bd/3 Person,1,0.008333333333333333
2025-02-21 15:00:00,2 Bd+Loft/5 Person-Double,0,0.0
2025-02-21 15:00:00,2 Bd+Loft/6 Person,0,0.0
2025-02-21 15:00:00,2 Bd/3 Person-Double,0,0.0
2025-02-21 15:00:00,2 Bd/4 Person,0,0.0
2025-02-21 15:00:00,2 Bd/5 Person-Double,0,0.0
2025-02-21 15:00:00,2 Bd/5 Person-Triple,0,0.0
2025-02-21 15:00:00,2 Bd/6 Person,0,0.0
2025-02-21 15:00:00,2 Bd/7 Person-Quad,0,0.0
2025-02-21 15:00:00,2 Bd/7 Person-Triple,0,0.0
2025-02-21 15:00:00,2 Bd/8 Person,8,0.041666666666666664
2025-02-21 15:00:00,3 Bd+Loft/9 Person-Double,0,0.0
2025-02-21 15:00:00,3 Bd+Loft/9 Person-Triple,0,0.0
2025-02-21 15:00:00,3 Bd/6 Person,0,0.0
2025-02-21 15:00:00,3 Bd/8 Person-Double,0,0.0
2025-02-21 15:00:00,3 Bd/8 Person-Triple,0,0.0
2025-02-21 15:00:00,4 Bd/10 Person-Double,0,0.0
2025-02-21 15:00:00,4 Bd/10 Person-Triple,397,0.2940740740740741
2025-02-21 15:00:00,Classic Triple,3285,0.8732057416267942
2025-02-21 15:00:00,Deluxe Triple,610,0.19607843137254902
2025-02-21 15:00:00,Plaza Triple/Private Bath,911,0.4253034547152194
2025-02-21 15:00:00,Plaza Triple/Shared Bath,2012,0.6928374655647382
2025-02-21 15:00:00,Suite Triple/Shared Bath,222,0.2534246575342466
2025-02-21 16:00:00,1 Bd/3 Person,1,0.008333333333333333
2025-02-21 16:00:00,2 Bd+Loft/5 Person-Double,0,0.0
2025-02-21 16:00:00,2 Bd+Loft/6 Person,0,0.0
2025-02-21 16:00:00,2 Bd/3 Person-Double,0,0.0
2025-02-21 16:00:00,2 Bd/4 Person,0,0.0
2025-02-21 16:00:00,2 Bd/5 Person-Double,0,0.0
2025-02-21 16:00:00,2 Bd/5 Person-Triple,0,0.0
2025-02-21 16:00:00,2 Bd/6 Person,0,0.0
2025-02-21 16:00:00,2 Bd/7 Person-Quad,0,0.0
2025-02-21 16:00:00,2 Bd/7 Person-Triple,0,0.0
2025-02-21 16:00:00,2 Bd/8 Person,8,0.041666666666666664
2025-02-21 16:00:00,3 Bd+Loft/9 Person-Double,0,0.0
2025-02-21 16:00:00,3 Bd+Loft/9 Person-Triple,0,0.0
2025-02-21 16:00:00,3 Bd/6 Person,0,0.0
2025-02-21 16:00:00,3 Bd/8 Person-Double,0,0.0
2025-02-21 16:00:00,3 Bd/8 Person-Triple,0,0.0
2025-02-21 16:00:00,4 Bd/10 Person-Double,0,0.0
2025-02-21 16:00:00,4 Bd/10 Person-Triple,390,0.28888888888888886
2025-02-21 16:00:00,Classic Triple,3258,0.8660287081339713
2025-02-21 16:00:00,Deluxe Triple,550,0.17679202828672452
2025-02-21 16:00:00,Plaza Triple/Private Bath,880,0.41083099906629317
2025-02-21 16:00:00,Plaza Triple/Shared Bath,1952,0.6721763085399449
2025-02-21 16:00:00,Suite Triple/Shared Bath,215,0.2454337899543379
2025-02-24 10:00:00,1 Bd/3 Person,1,0.008333333333333333
2025-02-24 10:00:00,2 Bd+Loft/5 Person-Double,0,0.0
2025-02-24 10:00:00,2 Bd+Loft/6 Person,0,0.0
2025-02-24 10:00:00,2 Bd/3 Person-Double,0,0.0
2025-02-24 10:00:00,2 Bd/4 Person,0,0.0
2025-02-24 10:00:00,2 Bd/5 Person-Double,0,0.0
2025-02-24 10:00:00,2 Bd/5 Person-Triple,0,0.0
2025-02-24 10:00:00,2 Bd/6 Person,0,0.0
2025-02-24 10:00:00,2 Bd/7 Person-Quad,0,0.0
2025-02-24 10:00:00,2 Bd/7 Person-Triple,0,0.0
2025-02-24 10:00:00,2 Bd/8 Person,8,0.041666666666666664
2025-02-24 10:00:00,3 Bd+Loft/9 Person-Double,0,0.0
2025-02-24 10:00:00,3 Bd+Loft/9 Person-Triple,0,0.0
2025-02-24 10:00:00,3 Bd/6 Person,0,0.0
2025-02-24 10:00:00,3 Bd/8 Person-Double,0,0.0
2025-02-24 10:00:00,3 Bd/8 Person-Triple,0,0.0
2025-02-24 10:00:00,4 Bd/10 Person-Double,0,0.0
2025-02-24 10:00:00,4 Bd/10 Person-Triple,389,0.28814814814814815
2025-02-24 10:00:00,Classic Triple,3209,0.8530037214247741
2025-02-24 10:00:00,Deluxe Triple,454,0.14593378334940535
2025-02-24 10:00:00,Plaza Triple/Private Bath,775,0.3618113912231559
2025-02-24 10:00:00,Plaza Triple/Shared Bath,1844,0.6349862258953168
2025-02-24 10:00:00,Suite Triple/Shared Bath,193,0.22031963470319635
2025-02-24 11:00:00,1 Bd/3 Person,1,0.008333333333333333
2025-02-24 11:00:00,2 Bd+Loft/5 Person-Double,0,0.0
2025-02-24 11:00:00,2 Bd+Loft/6 Person,0,0.0
2025-02-24 11:00:00,2 Bd/3 Person-Double,0,0.0
2025-02-24 11:00:00,2 Bd/4 Person,0,0.0
2025-02-24 11:00:00,2 Bd/5 Person-Double,0,0.0
2025-02-24 11:00:00,2 Bd/5 Person-Triple,0,0.0
2025-02-24 11:00:00,2 Bd/6 Person,0,0.0
2025-02-24 11:00:00,2 Bd/7 Person-Quad,0,0.0
2025-02-24 11:00:00,2 Bd/7 Person-Triple,0,0.0
2025-02-24 11:00:00,2 Bd/8 Person,8,0.041666666666666664
2025-02-24 11:00:00,3 Bd+Loft/9 Person-Double,0,0.0
2025-02-24 11:00:00,3 Bd+Loft/9 Person-Triple,0,0.0
2025-02-24 11:00:00,3 Bd/6 Person,0,0.0
2025-02-24 11:00:00,3 Bd/8 Person-Double,0,0.0
2025-02-24 11:00:00,3 Bd/8 Person-Triple,0,0.0
2025-02-24 11:00:00,4 Bd/10 Person-Double,0,0.0
2025-02-24 11:00:00,4 Bd/10 Person-Triple,380,0.2814814814814815
2025-02-24 11:00:00,Classic Triple,3148,0.8367889420521
2025-02-24 11:00:00,Deluxe Triple,318,0.10221793635486982
2025-02-24 11:00:00,Plaza Triple/Private Bath,687,0.32072829131652664
2025-02-24 11:00:00,Plaza Triple/Shared Bath,1752,0.6033057851239669
2025-02-24 11:00:00,Suite Triple/Shared Bath,175,0.1997716894977169
2025-02-24 12:00:00,1 Bd/3 Person,1,0.008333333333333333
2025-02-24 12:00:00,2 Bd+Loft/5 Person-Double,0,0.0
2025-02-24 12:00:00,2 Bd+Loft/6 Person,0,0.0
2025-02-24 12:00:00,2 Bd/3 Person-Double,0,0.0
2025-02-24 12:00:00,2 Bd/4 Person,0,0.0
2025-02-24 12:00:00,2 Bd/5 Person-Double,0,0.0
2025-02-24 12:00:00,2 Bd/5 Person-Triple,0,0.0
2025-02-24 12:00:00,2 Bd/6 Person,0,0.0
2025-02-24 12:00:00,2 Bd/7 Person-Quad,0,0.0
2025-02-24 12:00:00,2 Bd/7 Person-Triple,0,0.0
2025-02-24 12:00:00,2 Bd/8 Person,8,0.041666666666666664
2025-02-24 12:00:00,3 Bd+Loft/9 Person-Double,0,0.0
2025-02-24 12:00:00,3 Bd+Loft/9 Person-Triple,0,0.0
2025-02-24 12:00:00,3 Bd/6 Person,0,0.0
2025-02-24 12:00:00,3 Bd/8 Person-Double,0,0.0
2025-02-24 12:00:00,3 Bd/8 Person-Triple,0,0.0
2025-02-24 12:00:00,4 Bd/10 Person-Double,0,0.0
2025-02-24 12:00:00,4 Bd/10 Person-Triple,377,0.27925925925925926
2025-02-24 12:00:00,Classic Triple,3057,0.8125996810207337
2025-02-24 12:00:00,Deluxe Triple,219,0.0703953712632594
2025-02-24 12:00:00,Plaza Triple/Private Bath,609,0.28431372549019607
2025-02-24 12:00:00,Plaza Triple/Shared Bath,1621,0.5581955922865014
2025-02-24 12:00:00,Suite Triple/Shared Bath,172,0.1963470319634703
2025-02-24 13:00:00,1 Bd/3 Person,1,0.008333333333333333
2025-02-24 13:00:00,2 Bd+Loft/5 Person-Double,0,0.0
2025-02-24 13:00:00,2 Bd+Loft/6 Person,0,0.0
2025-02-24 13:00:00,2 Bd/3 Person-Double,0,0.0
2025-02-24 13:00:00,2 Bd/4 Person,0,0.0
2025-02-24 13:00:00,2 Bd/5 Person-Double,0,0.0
2025-02-24 13:00:00,2 Bd/5 Person-Triple,0,0.0
2025-02-24 13:00:00,2 Bd/6 Person,0,0.0
2025-02-24 13:00:00,2 Bd/7 Person-Quad,0,0.0
2025-02-24 13:00:00,2 Bd/7 Person-Triple,0,0.0
2025-02-24 13:00:00,2 Bd/8 Person,8,0.041666666666666664
2025-02-24 13:00:00,3 Bd+Loft/9 Person-Double,0,0.0
2025-02-24 13:00:00,3 Bd+Loft/9 Person-Triple,0,0.0
2025-02-24 13:00:00,3 Bd/6 Person,0,0.0
2025-02-24 13:00:00,3 Bd/8 Person-Double,0,0.0
2025-02-24 13:00:00,3 Bd/8 Person-Triple,0,0.0
2025-02-24 13:00:00,4 Bd/10 Person-Double,0,0.0
2025-02-24 13:00:00,4 Bd/10 Person-Triple,365,0.27037037037037037
2025-02-24 13:00:00,Classic Triple,2986,0.7937267410951622
2025-02-24 13:00:00,Deluxe Triple,161,0.05175184828029573
2025-02-24 13:00:00,Plaza Triple/Private Bath,547,0.2553688141923436
2025-02-24 13:00:00,Plaza Triple/Shared Bath,1528,0.5261707988980716
2025-02-24 13:00:00,Suite Triple/Shared Bath,160,0.182648401826484
2025-02-24 14:00:00,1 Bd/3 Person,1,0.008333333333333333
2025-02-24 14:00:00,2 Bd+Loft/5 Person-Double,0,0.0
2025-02-24 14:00:00,2 Bd+Loft/6 Person,0,0.0
2025-02-24 14:00:00,2 Bd/3 Person-Double,0,0.0
2025-02-24 14:00:00,2 Bd/4 Person,0,0.0
2025-02-24 14:00:00,2 Bd/5 Person-Double,0,0.0
2025-02-24 14:00:00,2 Bd/5 Person-Triple,0,0.0
2025-02-24 14:00:00,2 Bd/6 Person,0,0.0
2025-02-24 14:00:00,2 Bd/7 Person-Quad,0,0.0
2025-02-24 14:00:00,2 Bd/7 Person-Triple,0,0.0
2025-02-24 14:00:00,2 Bd/8 Person,8,0.041666666666666664
2025-02-24 14:00:00,3 Bd+Loft/9 Person-Double,0,0.0
2025-02-24 14:00:00,3 Bd+Loft/9 Person-Triple,0,0.0
2025-02-24 14:00:00,3 Bd/6 Person,0,0.0
2025-02-24 14:00:00,3 Bd/8 Person-Double,0,0.0
2025-02-24 14:00:00,3 Bd/8 Person-Triple,0,0.0
2025-02-24 14:00:00,4 Bd/10 Person-Double,0,0.0
2025-02-24 14:00:00,4 Bd/10 Person-Triple,363,0.2688888888888889
2025-02-24 14:00:00,Classic Triple,2899,0.7706007442849548
2025-02-24 14:00:00,Deluxe Triple,123,0.03953712632594021
2025-02-24 14:00:00,Plaza Triple/Private Bath,484,0.22595704948646125
2025-02-24 14:00:00,Plaza Triple/Shared Bath,1415,0.4872589531680441
2025-02-24 14:00:00,Suite Triple/Shared Bath,149,0.17009132420091325
2025-02-24 15:00:00,1 Bd/3 Person,1,0.008333333333333333
2025-02-24 15:00:00,2 Bd+Loft/5 Person-Double,0,0.0
2025-02-24 15:00:00,2 Bd+Loft/6 Person,0,0.0
2025-02-24 15:00:00,2 Bd/3 Person-Double,0,0.0
2025-02-24 15:00:00,2 Bd/4 Person,0,0.0
2025-02-24 15:00:00,2 Bd/5 Person-Double,0,0.0
2025-02-24 15:00:00,2 Bd/5 Person-Triple,0,0.0
2025-02-24 15:00:00,2 Bd/6 Person,0,0.0
2025-02-24 15:00:00,2 Bd/7 Person-Quad,0,0.0
2025-02-24 15:00:00,2 Bd/7 Person-Triple,0,0.0
2025-02-24 15:00:00,2 Bd/8 Person,7,0.036458333333333336
2025-02-24 15:00:00,3 Bd+Loft/9 Person-Double,0,0.0
2025-02-24 15:00:00,3 Bd+Loft/9 Person-Triple,0,0.0
2025-02-24 15:00:00,3 Bd/6 Person,0,0.0
2025-02-24 15:00:00,3 Bd/8 Person-Double,0,0.0
2025-02-24 15:00:00,3 Bd/8 Person-Triple,0,0.0
2025-02-24 15:00:00,4 Bd/10 Person-Double,0,0.0
2025-02-24 15:00:00,4 Bd/10 Person-Triple,359,0.2659259259259259
2025-02-24 15:00:00,Classic Triple,2840,0.7549175970228602
2025-02-24 15:00:00,Deluxe Triple,88,0.028286724525875925
2025-02-24 15:00:00,Plaza Triple/Private Bath,441,0.20588235294117646
2025-02-24 15:00:00,Plaza Triple/Shared Bath,1355,0.4665977961432507
2025-02-24 15:00:00,Suite Triple/Shared Bath,139,0.158675799086758
2025-02-24 16:00:00,1 Bd/3 Person,1,0.008333333333333333
2025-02-24 16:00:00,2 Bd+Loft/5 Person-Double,0,0.0
2025-02-24 16:00:00,2 Bd+Loft/6 Person,0,0.0
2025-02-24 16:00:00,2 Bd/3 Person-Double,0,0.0
2025-02-24 16:00:00,2 Bd/4 Person,0,0.0
2025-02-24 16:00:00,2 Bd/5 Person-Double,0,0.0
2025-02-24 16:00:00,2 Bd/5 Person-Triple,0,0.0
2025-02-24 16:00:00,2 Bd/6 Person,0,0.0
2025-02-24 16:00:00,2 Bd/7 Person-Quad,0,0.0
2025-02-24 16:00:00,2 Bd/7 Person-Triple,0,0.0
2025-02-24 16:00:00,2 Bd/8 Person,7,0.036458333333333336
2025-02-24 16:00:00,3 Bd+Loft/9 Person-Double,0,0.0
2025-02-24 16:00:00,3 Bd+Loft/9 Person-Triple,0,0.0
2025-02-24 16:00:00,3 Bd/6 Person,0,0.0
2025-02-24 16:00:00,3 Bd/8 Person-Double,0,0.0
2025-02-24 16:00:00,3 Bd/8 Person-Triple,0,0.0
2025-02-24 16:00:00,4 Bd/10 Person-Double,0,0.0
2025-02-24 16:00:00,4 Bd/10 Person-Triple,357,0.2644444444444444
2025-02-24 16:00:00,Classic Triple,2825,0.7509303561935141
2025-02-24 16:00:00,Deluxe Triple,77,0.024750883960141433
2025-02-24 16:00:00,Plaza Triple/Private Bath,425,0.1984126984126984
2025-02-24 16:00:00,Plaza Triple/Shared Bath,1337,0.46039944903581265
2025-02-24 16:00:00,Suite Triple/Shared Bath,136,0.1552511415525114
2025-03-03 10:00:00,1 Bd/3 Person,1,0.008333333333333333
2025-03-03 10:00:00,2 Bd+Loft/5 Person-Double,0,0.0
2025-03-03 10:00:00,2 Bd+Loft/6 Person,0,0.0
2025-03-03 10:00:00,2 Bd/3 Person-Double,0,0.0
2025-03-03 10:00:00,2 Bd/4 Person,0,0.0
2025-03-03 10:00:00,2 Bd/5 Person-Double,0,0.0
2025-03-03 10:00:00,2 Bd/5 Person-Triple,0,0.0
2025-03-03 10:00:00,2 Bd/6 Person,0,0.0
2025-03-03 10:00:00,2 Bd/7 Person-Quad,0,0.0
2025-03-03 10:00:00,2 Bd/7 Person-Triple,0,0.0
2025-03-03 10:00:00,2 Bd/8 Person,7,0.036458333333333336
2025-03-03 10:00:00,3 Bd+Loft/9 Person-Double,0,0.0
2025-03-03 10:00:00,3 Bd+Loft/9 Person-Triple,0,0.0
2025-03-03 10:00:00,3 Bd/6 Person,0,0.0
2025-03-03 10:00:00,3 Bd/8 Person-Double,0,0.0
2025-03-03 10:00:00,3 Bd/8 Person-Triple,0,0.0
2025-03-03 10:00:00,4 Bd/10 Person-Double,0,0.0
2025-03-03 10:00:00,4 Bd/10 Person-Triple,356,0.2637037037037037
2025-03-03 10:00:00,Classic Triple,2823,0.7503987240829346
2025-03-03 10:00:00,Deluxe Triple,75,0.024108003857280617
2025-03-03 10:00:00,Plaza Triple/Private Bath,424,0.19794584500466852
2025-03-03 10:00:00,Plaza Triple/Shared Bath,1333,0.45902203856749313
2025-03-03 10:00:00,Suite Triple/Shared Bath,136,0.1552511415525114
2025-03-03 11:00:00,1 Bd/3 Person,1,0.008333333333333333
2025-03-03 11:00:00,2 Bd+Loft/5 Person-Double,0,0.0
2025-03-03 11:00:00,2 Bd+Loft/6 Person,0,0.0
2025-03-03 11:00:00,2 Bd/3 Person-Double,0,0.0
2025-03-03 11:00:00,2 Bd/4 Person,0,0.0
2025-03-03 11:00:00,2 Bd/5 Person-Double,0,0.0
2025-03-03 11:00:00,2 Bd/5 Person-Triple,0,0.0
2025-03-03 11:00:00,2 Bd/6 Person,0,0.0
2025-03-03 11:00:00,2 Bd/7 Person-Quad,0,0.0
2025-03-03 11:00:00,2 Bd/7 Person-Triple,0,0.0
2025-03-03 11:00:00,2 Bd/8 Person,7,0.036458333333333336
2025-03-03 11:00:00,3 Bd+Loft/9 Person-Double,0,0.0
2025-03-03 11:00:00,3 Bd+Loft/9 Person-Triple,0,0.0
2025-03-03 11:00:00,3 Bd/6 Person,0,0.0
2025-03-03 11:00:00,3 Bd/8 Person-Double,0,0.0
2025-03-03 11:00:00,3 Bd/8 Person-Triple,0,0.0
2025-03-03 11:00:00,4 Bd/10 Person-Double,0,0.0
2025-03-03 11:00:00,4 Bd/10 Person-Triple,352,0.2607407407407407
2025-03-03 11:00:00,Classic Triple,2817,0.7488038277511961
2025-03-03 11:00:00,Deluxe Triple,75,0.024108003857280617
2025-03-03 11:00:00,Plaza Triple/Private Bath,423,0.19747899159663865
2025-03-03 11:00:00,Plaza Triple/Shared Bath,1331,0.4583333333333333
2025-03-03 11:00:00,Suite Triple/Shared Bath,136,0.1552511415525114
2025-03-03 12:00:00,1 Bd/3 Person,1,0.008333333333333333
2025-03-03 12:00:00,2 Bd+Loft/5 Person-Double,0,0.0
2025-03-03 12:00:00,2 Bd+Loft/6 Person,0,0.0
2025-03-03 12:00:00,2 Bd/3 Person-Double,0,0.0
2025-03-03 12:00:00,2 Bd/4 Person,0,0.0
2025-03-03 12:00:00,2 Bd/5 Person-Double,0,0.0
2025-03-03 12:00:00,2 Bd/5 Person-Triple,0,0.0
2025-03-03 12:00:00,2 Bd/6 Person,0,0.0
2025-03-03 12:00:00,2 Bd/7 Person-Quad,3,0.027777777777777776
2025-03-03 12:00:00,2 Bd/7 Person-Triple,0,0.0
2025-03-03 12:00:00,2 Bd/8 Person,13,0.06770833333333333
2025-03-03 12:00:00,3 Bd+Loft/9 Person-Double,0,0.0
2025-03-03 12:00:00,3 Bd+Loft/9 Person-Triple,0,0.0
2025-03-03 12:00:00,3 Bd/6 Person,0,0.0
2025-03-03 12:00:00,3 Bd/8 Person-Double,0,0.0
2025-03-03 12:00:00,3 Bd/8 Person-Triple,0,0.0
2025-03-03 12:00:00,4 Bd/10 Person-Double,1,0.0011135857461024498
2025-03-03 12:00:00,4 Bd/10 Person-Triple,348,0.2577777777777778
2025-03-03 12:00:00,Classic Triple,2813,0.7477405635300373
2025-03-03 12:00:00,Deluxe Triple,74,0.02378656380585021
2025-03-03 12:00:00,Plaza Triple/Private Bath,413,0.19281045751633988
2025-03-03 12:00:00,Plaza Triple/Shared Bath,1326,0.45661157024793386
2025-03-03 12:00:00,Suite Triple/Shared Bath,136,0.1552511415525114
2025-03-03 13:00:00,1 Bd/3 Person,1,0.008333333333333333
2025-03-03 13:00:00,2 Bd+Loft/5 Person-Double,0,0.0
2025-03-03 13:00:00,2 Bd+Loft/6 Person,0,0.0
2025-03-03 13:00:00,2 Bd/3 Person-Double,0,0.0
2025-03-03 13:00:00,2 Bd/4 Person,0,0.0
2025-03-03 13:00:00,2 Bd/5 Person-Double,0,0.0
2025-03-03 13:00:00,2 Bd/5 Person-Triple,0,0.0
2025-03-03 13:00:00,2 Bd/6 Person,0,0.0
2025-03-03 13:00:00,2 Bd/7 Person-Quad,2,0.018518518518518517
2025-03-03 13:00:00,2 Bd/7 Person-Triple,0,0.0
2025-03-03 13:00:00,2 Bd/8 Person,10,0.052083333333333336
2025-03-03 13:00:00,3 Bd+Loft/9 Person-Double,0,0.0
2025-03-03 13:00:00,3 Bd+Loft/9 Person-Triple,0,0.0
2025-03-03 13:00:00,3 Bd/6 Person,0,0.0
2025-03-03 13:00:00,3 Bd/8 Person-Double,0,0.0
2025-03-03 13:00:00,3 Bd/8 Person-Triple,0,0.0
2025-03-03 13:00:00,4 Bd/10 Person-Double,0,0.0
2025-03-03 13:00:00,4 Bd/10 Person-Triple,342,0.25333333333333335
2025-03-03 13:00:00,Classic Triple,2813,0.7477405635300373
2025-03-03 13:00:00,Deluxe Triple,75,0.024108003857280617
2025-03-03 13:00:00,Plaza Triple/Private Bath,408,0.19047619047619047
2025-03-03 13:00:00,Plaza Triple/Shared Bath,1322,0.45523415977961434
2025-03-03 13:00:00,Suite Triple/Shared Bath,136,0.1552511415525114
2025-03-03 14:00:00,1 Bd/3 Person,1,0.008333333333333333
2025-03-03 14:00:00,2 Bd+Loft/5 Person-Double,0,0.0
2025-03-03 14:00:00,2 Bd+Loft/6 Person,0,0.0
2025-03-03 14:00:00,2 Bd/3 Person-Double,0,0.0
2025-03-03 14:00:00,2 Bd/4 Person,0,0.0
2025-03-03 14:00:00,2 Bd/5 Person-Double,0,0.0
2025-03-03 14:00:00,2 Bd/5 Person-Triple,0,0.0
2025-03-03 14:00:00,2 Bd/6 Person,0,0.0
2025-03-03 14:00:00,2 Bd/7 Person-Quad,0,0.0
2025-03-03 14:00:00,2 Bd/7 Person-Triple,0,0.0
2025-03-03 14:00:00,2 Bd/8 Person,8,0.041666666666666664
2025-03-03 14:00:00,3 Bd+Loft/9 Person-Double,0,0.0
2025-03-03 14:00:00,3 Bd+Loft/9 Person-Triple,0,0.0
2025-03-03 14:00:00,3 Bd/6 Person,0,0.0
2025-03-03 14:00:00,3 Bd/8 Person-Double,0,0.0
2025-03-03 14:00:00,3 Bd/8 Person-Triple,0,0.0
2025-03-03 14:00:00,4 Bd/10 Person-Double,1,0.0011135857461024498
2025-03-03 14:00:00,4 Bd/10 Person-Triple,331,0.24518518518518517
2025-03-03 14:00:00,Classic Triple,2810,0.746943115364168
2025-03-03 14:00:00,Deluxe Triple,79,0.02539376406300225
2025-03-03 14:00:00,Plaza Triple/Private Bath,399,0.18627450980392157
2025-03-03 14:00:00,Plaza Triple/Shared Bath,1318,0.45385674931129477
2025-03-03 14:00:00,Suite Triple/Shared Bath,136,0.1552511415525114
2025-03-03 16:00:00,1 Bd/3 Person,1,0.008333333333333333
2025-03-03 16:00:00,2 Bd+Loft/5 Person-Double,0,0.0
2025-03-03 16:00:00,2 Bd+Loft/6 Person,0,0.0
2025-03-03 16:00:00,2 Bd/3 Person-Double,0,0.0
2025-03-03 16:00:00,2 Bd/4 Person,0,0.0
2025-03-03 16:00:00,2 Bd/5 Person-Double,0,0.0
2025-03-03 16:00:00,2 Bd/5 Person-Triple,0,0.0
2025-03-03 16:00:00,2 Bd/6 Person,0,0.0
2025-03-03 16:00:00,2 Bd/7 Person-Quad,0,0.0
2025-03-03 16:00:00,2 Bd/7 Person-Triple,0,0.0
2025-03-03 16:00:00,2 Bd/8 Person,2,0.010416666666666666
2025-03-03 16:00:00,3 Bd+Loft/9 Person-Double,0,0.0
2025-03-03 16:00:00,3 Bd+Loft/9 Person-Triple,0,0.0
2025-03-03 16:00:00,3 Bd/6 Person,0,0.0
2025-03-03 16:00:00,3 Bd/8 Person-Double,0,0.0
2025-03-03 16:00:00,3 Bd/8 Person-Triple,0,0.0
2025-03-03 16:00:00,4 Bd/10 Person-Double,0,0.0
2025-03-03 16:00:00,4 Bd/10 Person-Triple,333,0.24666666666666667
2025-03-03 16:00:00,Classic Triple,2796,0.7432216905901117
2025-03-03 16:00:00,Deluxe Triple,75,0.024108003857280617
2025-03-03 16:00:00,Plaza Triple/Private Bath,389,0.18160597572362278
2025-03-03 16:00:00,Plaza Triple/Shared Bath,1307,0.450068870523416
2025-03-03 16:00:00,Suite Triple/Shared Bath,132,0.1506849315068493
2025-03-04 10:01:00,1 Bd/3 Person,1,0.008333333333333333
2025-03-04 10:01:00,2 Bd+Loft/5 Person-Double,0,0.0
2025-03-04 10:01:00,2 Bd+Loft/6 Person,0,0.0
2025-03-04 10:01:00,2 Bd/3 Person-Double,0,0.0
2025-03-04 10:01:00,2 Bd/4 Person,0,0.0
2025-03-04 10:01:00,2 Bd/5 Person-Double,0,0.0
2025-03-04 10:01:00,2 Bd/5 Person-Triple,0,0.0
2025-03-04 10:01:00,2 Bd/6 Person,0,0.0
2025-03-04 10:01:00,2 Bd/7 Person-Quad,0,0.0
2025-03-04 10:01:00,2 Bd/7 Person-Triple,0,0.0
2025-03-04 10:01:00,2 Bd/8 Person,0,0.0
2025-03-04 10:01:00,3 Bd+Loft/9 Person-Double,0,0.0
2025-03-04 10:01:00,3 Bd+Loft/9 Person-Triple,0,0.0
2025-03-04 10:01:00,3 Bd/6 Person,0,0.0
2025-03-04 10:01:00,3 Bd/8 Person-Double,0,0.0
2025-03-04 10:01:00,3 Bd/8 Person-Triple,0,0.0
2025-03-04 10:01:00,4 Bd/10 Person-Double,0,0.0
2025-03-04 10:01:00,4 Bd/10 Person-Triple,332,0.24592592592592594
2025-03-04 10:01:00,Classic Triple,2801,0.7445507708665603
2025-03-04 10:01:00,Deluxe Triple,68,0.02185792349726776
2025-03-04 10:01:00,Plaza Triple/Private Bath,386,0.18020541549953314
2025-03-04 10:01:00,Plaza Triple/Shared Bath,1302,0.44834710743801653
2025-03-04 10:01:00,Suite Triple/Shared Bath,133,0.15182648401826485
2025-03-04 11:01:00,1 Bd/3 Person,1,0.008333333333333333
2025-03-04 11:01:00,2 Bd+Loft/5 Person-Double,0,0.0
2025-03-04 11:01:00,2 Bd+Loft/6 Person,0,0.0
2025-03-04 11:01:00,2 Bd/3 Person-Double,0,0.0
2025-03-04 11:01:00,2 Bd/4 Person,0,0.0
2025-03-04 11:01:00,2 Bd/5 Person-Double,0,0.0
2025-03-04 11:01:00,2 Bd/5 Person-Triple,0,0.0
2025-03-04 11:01:00,2 Bd/6 Person,2,0.003003003003003003
2025-03-04 11:01:00,2 Bd/7 Person-Quad,0,0.0
2025-03-04 11:01:00,2 Bd/7 Person-Triple,0,0.0
2025-03-04 11:01:00,2 Bd/8 Person,0,0.0
2025-03-04 11:01:00,3 Bd+Loft/9 Person-Double,0,0.0
2025-03-04 11:01:00,3 Bd+Loft/9 Person-Triple,0,0.0
2025-03-04 11:01:00,3 Bd/6 Person,0,0.0
2025-03-04 11:01:00,3 Bd/8 Person-Double,0,0.0
2025-03-04 11:01:00,3 Bd/8 Person-Triple,0,0.0
2025-03-04 11:01:00,4 Bd/10 Person-Double,1,0.0011135857461024498
2025-03-04 11:01:00,4 Bd/10 Person-Triple,330,0.24444444444444444
2025-03-04 11:01:00,Classic Triple,2797,0.7434875066454014
2025-03-04 11:01:00,Deluxe Triple,65,0.020893603342976536
2025-03-04 11:01:00,Plaza Triple/Private Bath,383,0.1788048552754435
2025-03-04 11:01:00,Plaza Triple/Shared Bath,1297,0.4466253443526171
2025-03-04 11:01:00,Suite Triple/Shared Bath,134,0.15296803652968036
2025-03-04 12:01:00,1 Bd/3 Person,1,0.008333333333333333
2025-03-04 12:01:00,2 Bd+Loft/5 Person-Double,0,0.0
2025-03-04 12:01:00,2 Bd+Loft/6 Person,0,0.0
2025-03-04 12:01:00,2 Bd/3 Person-Double,0,0.0
2025-03-04 12:01:00,2 Bd/4 Person,0,0.0
2025-03-04 12:01:00,2 Bd/5 Person-Double,0,0.0
2025-03-04 12:01:00,2 Bd/5 Person-Triple,0,0.0
2025-03-04 12:01:00,2 Bd/6 Person,1,0.0015015015015015015
2025-03-04 12:01:00,2 Bd/7 Person-Quad,0,0.0
2025-03-04 12:01:00,2 Bd/7 Person-Triple,0,0.0
2025-03-04 12:01:00,2 Bd/8 Person,0,0.0
2025-03-04 12:01:00,3 Bd+Loft/9 Person-Double,0,0.0
2025-03-04 12:01:00,3 Bd+Loft/9 Person-Triple,0,0.0
2025-03-04 12:01:00,3 Bd/6 Person,0,0.0
2025-03-04 12:01:00,3 Bd/8 Person-Double,0,0.0
2025-03-04 12:01:00,3 Bd/8 Person-Triple,0,0.0
2025-03-04 12:01:00,4 Bd/10 Person-Double,1,0.0011135857461024498
2025-03-04 12:01:00,4 Bd/10 Person-Triple,331,0.24518518518518517
2025-03-04 12:01:00,Classic Triple,2798,0.7437533227006912
2025-03-04 12:01:00,Deluxe Triple,63,0.020250723240115717
2025-03-04 12:01:00,Plaza Triple/Private Bath,381,0.17787114845938376
2025-03-04 12:01:00,Plaza Triple/Shared Bath,1288,0.44352617079889806
2025-03-04 12:01:00,Suite Triple/Shared Bath,135,0.1541095890410959
2025-03-04 13:01:00,1 Bd/3 Person,1,0.008333333333333333
2025-03-04 13:01:00,2 Bd+Loft/5 Person-Double,0,0.0
2025-03-04 13:01:00,2 Bd+Loft/6 Person,0,0.0
2025-03-04 13:01:00,2 Bd/3 Person-Double,0,0.0
2025-03-04 13:01:00,2 Bd/4 Person,0,0.0
2025-03-04 13:01:00,2 Bd/5 Person-Double,0,0.0
2025-03-04 13:01:00,2 Bd/5 Person-Triple,0,0.0
2025-03-04 13:01:00,2 Bd/6 Person,0,0.0
2025-03-04 13:01:00,2 Bd/7 Person-Quad,0,0.0
2025-03-04 13:01:00,2 Bd/7 Person-Triple,0,0.0
2025-03-04 13:01:00,2 Bd/8 Person,0,0.0
2025-03-04 13:01:00,3 Bd+Loft/9 Person-Double,0,0.0
2025-03-04 13:01:00,3 Bd+Loft/9 Person-Triple,0,0.0
2025-03-04 13:01:00,3 Bd/6 Person,0,0.0
2025-03-04 13:01:00,3 Bd/8 Person-Double,0,0.0
2025-03-04 13:01:00,3 Bd/8 Person-Triple,0,0.0
2025-03-04 13:01:00,4 Bd/10 Person-Double,0,0.0
2025-03-04 13:01:00,4 Bd/10 Person-Triple,333,0.24666666666666667
2025-03-04 13:01:00,Classic Triple,2794,0.7426900584795322
2025-03-04 13:01:00,Deluxe Triple,60,0.019286403085824494
2025-03-04 13:01:00,Plaza Triple/Private Bath,384,0.1792717086834734
2025-03-04 13:01:00,Plaza Triple/Shared Bath,1290,0.44421487603305787
2025-03-04 13:01:00,Suite Triple/Shared Bath,131,0.1495433789954338
2025-03-04 14:01:00,1 Bd/3 Person,1,0.008333333333333333
2025-03-04 14:01:00,2 Bd+Loft/5 Person-Double,0,0.0
2025-03-04 14:01:00,2 Bd+Loft/6 Person,0,0.0
2025-03-04 14:01:00,2 Bd/3 Person-Double,0,0.0
2025-03-04 14:01:00,2 Bd/4 Person,0,0.0
2025-03-04 14:01:00,2 Bd/5 Person-Double,0,0.0
2025-03-04 14:01:00,2 Bd/5 Person-Triple,0,0.0
2025-03-04 14:01:00,2 Bd/6 Person,0,0.0
2025-03-04 14:01:00,2 Bd/7 Person-Quad,0,0.0
2025-03-04 14:01:00,2 Bd/7 Person-Triple,0,0.0
2025-03-04 14:01:00,2 Bd/8 Person,0,0.0
2025-03-04 14:01:00,3 Bd+Loft/9 Person-Double,0,0.0
2025-03-04 14:01:00,3 Bd+Loft/9 Person-Triple,0,0.0
2025-03-04 14:01:00,3 Bd/6 Person,0,0.0
2025-03-04 14:01:00,3 Bd/8 Person-Double,0,0.0
2025-03-04 14:01:00,3 Bd/8 Person-Triple,0,0.0
2025-03-04 14:01:00,4 Bd/10 Person-Double,0,0.0
2025-03-04 14:01:00,4 Bd/10 Person-Triple,332,0.24592592592592594
2025-03-04 14:01:00,Classic Triple,2787,0.740829346092504
2025-03-04 14:01:00,Deluxe Triple,65,0.020893603342976536
2025-03-04 14:01:00,Plaza Triple/Private Bath,391,0.18253968253968253
2025-03-04 14:01:00,Plaza Triple/Shared Bath,1282,0.4414600550964187
2025-03-04 14:01:00,Suite Triple/Shared Bath,131,0.1495433789954338
2025-03-04 15:01:00,1 Bd/3 Person,1,0.008333333333333333
2025-03-04 15:01:00,2 Bd+Loft/5 Person-Double,0,0.0
2025-03-04 15:01:00,2 Bd+Loft/6 Person,0,0.0
2025-03-04 15:01:00,2 Bd/3 Person-Double,0,0.0
2025-03-04 15:01:00,2 Bd/4 Person,0,0.0
2025-03-04 15:01:00,2 Bd/5 Person-Double,0,0.0
2025-03-04 15:01:00,2 Bd/5 Person-Triple,0,0.0
2025-03-04 15:01:00,2 Bd/6 Person,0,0.0
2025-03-04 15:01:00,2 Bd/7 Person-Quad,0,0.0
2025-03-04 15:01:00,2 Bd/7 Person-Triple,0,0.0
2025-03-04 15:01:00,2 Bd/8 Person,1,0.005208333333333333
2025-03-04 15:01:00,3 Bd+Loft/9 Person-Double,0,0.0
2025-03-04 15:01:00,3 Bd+Loft/9 Person-Triple,0,0.0
2025-03-04 15:01:00,3 Bd/6 Person,0,0.0
2025-03-04 15:01:00,3 Bd/8 Person-Double,0,0.0
2025-03-04 15:01:00,3 Bd/8 Person-Triple,0,0.0
2025-03-04 15:01:00,4 Bd/10 Person-Double,0,0.0
2025-03-04 15:01:00,4 Bd/10 Person-Triple,332,0.24592592592592594
2025-03-04 15:01:00,Classic Triple,2786,0.7405635300372142
2025-03-04 15:01:00,Deluxe Triple,62,0.01992928318868531
2025-03-04 15:01:00,Plaza Triple/Private Bath,391,0.18253968253968253
2025-03-04 15:01:00,Plaza Triple/Shared Bath,1266,0.4359504132231405
2025-03-04 15:01:00,Suite Triple/Shared Bath,134,0.15296803652968036
